ai_X_level,ai_O_level,starting_player,winner,moves,duration_s
1,1,X,X,7,0.000134
1,1,X,O,6,0.000070
1,1,X,X,7,0.000026
1,1,X,X,9,0.000047
1,1,X,X,7,0.000030
1,1,X,O,6,0.000051
1,1,X,X,7,0.000100
1,1,X,O,8,0.000052
1,1,X,X,7,0.000114
1,1,X,X,7,0.000075
1,1,X,X,7,0.000026
1,1,X,O,6,0.000023
1,1,X,X,7,0.000053
1,1,X,Tie,9,0.000093
1,1,X,X,7,0.000262
1,1,X,O,6,0.000024
1,1,X,O,6,0.000056
1,1,X,X,9,0.000041
1,1,X,Tie,9,0.000091
1,1,X,X,5,0.000077
1,1,X,O,6,0.000045
1,1,X,O,6,0.000079
1,1,X,O,8,0.000095
1,1,X,X,9,0.000059
1,1,X,X,9,0.000040
1,1,X,O,6,0.000018
1,1,X,O,8,0.000148
1,1,X,X,9,0.000061
1,1,X,X,7,0.000127
1,1,X,X,9,0.000043
1,1,X,O,6,0.000019
1,1,X,X,7,0.000061
1,1,X,X,9,0.000040
1,1,X,O,6,0.000024
1,1,X,X,7,0.000086
1,1,X,X,7,0.000109
1,1,X,X,5,0.000020
1,1,X,X,7,0.000088
1,1,X,Tie,9,0.000059
1,1,X,X,7,0.000059
1,1,X,O,8,0.000042
1,1,X,X,9,0.000106
1,1,X,X,7,0.000084
1,1,X,X,9,0.000041
1,1,X,X,5,0.000012
1,1,X,Tie,9,0.000075
1,1,X,Tie,9,0.000054
1,1,X,X,5,0.000022
1,1,X,X,9,0.000032
1,1,X,O,8,0.000037
1,1,X,X,7,0.000034
1,1,X,O,6,0.000020
1,1,X,X,7,0.000030
1,1,X,X,7,0.000027
1,1,X,X,5,0.000021
1,1,X,X,9,0.000044
1,1,X,X,9,0.000032
1,1,X,O,6,0.000026
1,1,X,X,9,0.000039
1,1,X,X,7,0.000025
1,1,X,O,8,0.000030
1,1,X,X,5,0.000025
1,1,X,X,9,0.000048
1,1,X,X,5,0.000017
1,1,X,Tie,9,0.000046
1,1,X,O,8,0.000028
1,1,X,X,7,0.000032
1,1,X,X,7,0.000023
1,1,X,X,5,0.000015
1,1,X,X,5,0.000021
1,1,X,O,6,0.000018
1,1,X,X,7,0.000029
1,1,X,X,9,0.000043
1,1,X,Tie,9,0.000043
1,1,X,X,9,0.000040
1,1,X,X,9,0.000039
1,1,X,X,9,0.000036
1,1,X,O,8,0.000040
1,1,X,X,7,0.000045
1,1,X,Tie,9,0.000044
1,1,X,X,9,0.000074
1,1,X,X,7,0.000031
1,1,X,O,8,0.000039
1,1,X,X,7,0.000093
1,1,X,Tie,9,0.000056
1,1,X,X,9,0.000037
1,1,X,O,8,0.000040
1,1,X,O,8,0.000052
1,1,X,Tie,9,0.000054
1,1,X,Tie,9,0.000038
1,1,X,O,6,0.000023
1,1,X,X,9,0.000032
1,1,X,X,9,0.000036
1,1,X,Tie,9,0.000041
1,1,X,X,7,0.000026
1,1,X,Tie,9,0.000036
1,1,X,O,8,0.000029
1,1,X,X,7,0.000028
1,1,X,X,9,0.000045
1,1,X,X,7,0.000028
1,1,X,Tie,9,0.000055
1,1,X,X,7,0.000024
1,1,X,O,6,0.000027
1,1,X,O,6,0.000020
1,1,X,O,8,0.000051
1,1,X,Tie,9,0.000047
1,1,X,X,9,0.000042
1,1,X,X,9,0.000038
1,1,X,X,9,0.000066
1,1,X,X,5,0.000016
1,1,X,O,8,0.000029
1,1,X,Tie,9,0.000053
1,1,X,O,8,0.000060
1,1,X,O,8,0.000027
1,1,X,O,8,0.000034
1,1,X,O,8,0.000028
1,1,X,O,8,0.000044
1,1,X,O,8,0.000036
1,1,X,X,9,0.000034
1,1,X,X,9,0.000049
1,1,X,X,7,0.000027
1,1,X,O,8,0.000038
1,1,X,X,7,0.000030
1,1,X,X,7,0.000024
1,1,X,Tie,9,0.000037
1,1,X,X,9,0.000036
1,1,X,X,5,0.000016
1,1,X,X,7,0.000029
1,1,X,X,7,0.000025
1,1,X,X,7,0.000024
1,1,X,Tie,9,0.000055
1,1,X,X,9,0.000047
1,1,X,Tie,9,0.000048
1,1,X,X,9,0.000049
1,1,X,O,8,0.000038
1,1,X,X,5,0.000014
1,1,X,X,7,0.000025
1,1,X,O,6,0.000021
1,1,X,X,9,0.000046
1,1,X,O,8,0.000047
1,1,X,X,7,0.000027
1,1,X,X,9,0.000033
1,1,X,O,6,0.000019
1,1,X,X,9,0.000040
1,1,X,X,7,0.000034
1,1,X,X,7,0.000028
1,1,X,O,8,0.000036
1,1,X,O,8,0.000033
1,1,X,X,5,0.000016
1,1,X,O,8,0.000038
1,1,O,O,7,0.000027
1,1,O,O,9,0.000042
1,1,O,O,9,0.000033
1,1,O,O,9,0.000034
1,1,O,X,6,0.000027
1,1,O,O,5,0.000021
1,1,O,O,9,0.000041
1,1,O,O,7,0.000028
1,1,O,O,7,0.000034
1,1,O,O,9,0.000043
1,1,O,O,7,0.000029
1,1,O,X,8,0.000065
1,1,O,O,7,0.000032
1,1,O,X,6,0.000023
1,1,O,X,6,0.000028
1,1,O,O,9,0.000044
1,1,O,O,7,0.000033
1,1,O,O,9,0.000045
1,1,O,X,8,0.000029
1,1,O,X,8,0.000036
1,1,O,X,6,0.000024
1,1,O,X,8,0.000033
1,1,O,O,5,0.000015
1,1,O,O,7,0.000031
1,1,O,X,8,0.000046
1,1,O,X,8,0.000030
1,1,O,O,7,0.000036
1,1,O,Tie,9,0.000039
1,1,O,O,7,0.000035
1,1,O,O,7,0.000028
1,1,O,Tie,9,0.000037
1,1,O,O,9,0.000039
1,1,O,X,6,0.000028
1,1,O,O,5,0.000020
1,1,O,X,8,0.000033
1,1,O,X,6,0.000028
1,1,O,O,7,0.000044
1,1,O,O,7,0.000029
1,1,O,X,6,0.000024
1,1,O,Tie,9,0.000050
1,1,O,X,6,0.000023
1,1,O,O,9,0.000053
1,1,O,O,9,0.000043
1,1,O,O,5,0.000018
1,1,O,X,8,0.000035
1,1,O,X,6,0.000024
1,1,O,O,9,0.000037
1,1,O,Tie,9,0.000049
1,1,O,O,7,0.000028
1,1,O,O,7,0.000030
1,1,O,X,8,0.000038
1,1,O,Tie,9,0.000050
1,1,O,Tie,9,0.000080
1,1,O,X,6,0.000020
1,1,O,X,8,0.000035
1,1,O,O,9,0.000037
1,1,O,O,9,0.000045
1,1,O,O,9,0.000042
1,1,O,O,7,0.000025
1,1,O,O,9,0.000043
1,1,O,X,8,0.000027
1,1,O,O,7,0.000033
1,1,O,O,7,0.000060
1,1,O,Tie,9,0.000035
1,1,O,O,7,0.000034
1,1,O,X,6,0.000029
1,1,O,Tie,9,0.000049
1,1,O,O,5,0.000019
1,1,O,O,7,0.000031
1,1,O,O,7,0.000026
1,1,O,O,9,0.000036
1,1,O,O,7,0.000030
1,1,O,O,9,0.000045
1,1,O,X,8,0.000037
1,1,O,O,9,0.000038
1,1,O,X,8,0.000040
1,1,O,X,8,0.000033
1,1,O,X,6,0.000024
1,1,O,O,9,0.000061
1,1,O,X,8,0.000054
1,1,O,X,6,0.000021
1,1,O,O,9,0.000034
1,1,O,X,8,0.000037
1,1,O,Tie,9,0.000046
1,1,O,X,8,0.000031
1,1,O,O,7,0.000024
1,1,O,Tie,9,0.000051
1,1,O,X,6,0.000021
1,1,O,O,5,0.000016
1,1,O,Tie,9,0.000053
1,1,O,X,8,0.000037
1,1,O,O,9,0.000065
1,1,O,X,8,0.000057
1,1,O,X,6,0.000025
1,1,O,X,8,0.000040
1,1,O,O,7,0.000029
1,1,O,O,9,0.000039
1,1,O,X,8,0.000043
1,1,O,X,8,0.000037
1,1,O,O,9,0.000039
1,1,O,Tie,9,0.000040
1,1,O,O,7,0.000050
1,1,O,O,5,0.000022
1,1,O,O,7,0.000028
1,1,O,O,9,0.000050
1,1,O,O,7,0.000027
1,1,O,O,5,0.000034
1,1,O,O,9,0.000048
1,1,O,X,8,0.000035
1,1,O,O,7,0.000035
1,1,O,X,8,0.000041
1,1,O,Tie,9,0.000043
1,1,O,O,7,0.000035
1,1,O,Tie,9,0.000044
1,1,O,O,7,0.000038
1,1,O,O,5,0.000017
1,1,O,X,8,0.000041
1,1,O,O,9,0.000039
1,1,O,O,7,0.000029
1,1,O,O,9,0.000052
1,1,O,Tie,9,0.000050
1,1,O,O,9,0.000043
1,1,O,O,5,0.000018
1,1,O,Tie,9,0.000051
1,1,O,X,8,0.000036
1,1,O,Tie,9,0.000044
1,1,O,O,9,0.000049
1,1,O,Tie,9,0.000084
1,1,O,X,6,0.000019
1,1,O,X,6,0.000039
1,1,O,X,8,0.000052
1,1,O,O,9,0.000043
1,1,O,Tie,9,0.000051
1,1,O,X,6,0.000024
1,1,O,X,6,0.000022
1,1,O,O,9,0.000043
1,1,O,Tie,9,0.000040
1,1,O,X,8,0.000041
1,1,O,O,7,0.000029
1,1,O,Tie,9,0.000053
1,1,O,X,8,0.000041
1,1,O,X,8,0.000035
1,1,O,O,7,0.000040
1,1,O,O,7,0.000022
1,1,O,O,7,0.000043
1,1,O,O,5,0.000016
1,1,O,Tie,9,0.000043
1,1,O,Tie,9,0.000054
1,1,O,O,9,0.000046
1,1,O,X,6,0.000026
1,2,X,Tie,9,0.000161
1,2,X,O,6,0.000086
1,2,X,O,6,0.000095
1,2,X,O,6,0.000059
1,2,X,O,6,0.000075
1,2,X,O,6,0.000080
1,2,X,O,6,0.000058
1,2,X,O,6,0.000073
1,2,X,O,6,0.000063
1,2,X,O,6,0.000085
1,2,X,O,8,0.000111
1,2,X,O,6,0.000075
1,2,X,O,6,0.000057
1,2,X,O,6,0.000067
1,2,X,O,6,0.000088
1,2,X,O,6,0.000120
1,2,X,O,6,0.000078
1,2,X,O,6,0.000083
1,2,X,O,6,0.000068
1,2,X,O,6,0.000073
1,2,X,O,6,0.000063
1,2,X,O,6,0.000066
1,2,X,O,6,0.000072
1,2,X,O,6,0.000074
1,2,X,O,6,0.000070
1,2,X,O,6,0.000108
1,2,X,Tie,9,0.000114
1,2,X,O,6,0.000069
1,2,X,O,6,0.000071
1,2,X,O,6,0.000083
1,2,X,Tie,9,0.000104
1,2,X,O,6,0.000113
1,2,X,O,8,0.000088
1,2,X,O,6,0.000086
1,2,X,Tie,9,0.000117
1,2,X,O,6,0.000063
1,2,X,O,6,0.000091
1,2,X,O,6,0.000113
1,2,X,O,6,0.000077
1,2,X,O,6,0.000062
1,2,X,Tie,9,0.000129
1,2,X,O,8,0.000089
1,2,X,O,6,0.000066
1,2,X,O,6,0.000069
1,2,X,O,8,0.000143
1,2,X,O,6,0.000060
1,2,X,O,6,0.000059
1,2,X,O,6,0.000055
1,2,X,O,8,0.000104
1,2,X,O,6,0.000115
1,2,X,O,6,0.000060
1,2,X,O,6,0.000094
1,2,X,O,6,0.000081
1,2,X,O,6,0.000088
1,2,X,O,6,0.000086
1,2,X,Tie,9,0.000137
1,2,X,O,6,0.000150
1,2,X,O,6,0.000098
1,2,X,Tie,9,0.000116
1,2,X,O,6,0.000078
1,2,X,O,8,0.000095
1,2,X,O,6,0.000078
1,2,X,O,6,0.000137
1,2,X,O,8,0.000094
1,2,X,O,6,0.000065
1,2,X,O,8,0.000092
1,2,X,X,7,0.000116
1,2,X,X,7,0.000093
1,2,X,Tie,9,0.000145
1,2,X,O,6,0.000072
1,2,X,O,6,0.000095
1,2,X,Tie,9,0.000134
1,2,X,O,6,0.000110
1,2,X,O,6,0.000089
1,2,X,O,8,0.000100
1,2,X,O,6,0.000067
1,2,X,O,6,0.000076
1,2,X,O,8,0.000094
1,2,X,O,6,0.000070
1,2,X,Tie,9,0.000168
1,2,X,O,6,0.000081
1,2,X,O,6,0.000074
1,2,X,O,6,0.000065
1,2,X,O,8,0.000116
1,2,X,O,6,0.000147
1,2,X,O,8,0.000095
1,2,X,O,8,0.000116
1,2,X,Tie,9,0.000102
1,2,X,O,6,0.000080
1,2,X,O,6,0.000104
1,2,X,O,6,0.000093
1,2,X,O,8,0.000092
1,2,X,O,6,0.000074
1,2,X,O,6,0.000076
1,2,X,O,8,0.000114
1,2,X,O,6,0.000114
1,2,X,O,8,0.000096
1,2,X,O,6,0.000065
1,2,X,Tie,9,0.000130
1,2,X,O,6,0.000093
1,2,X,O,6,0.000080
1,2,X,O,6,0.000113
1,2,X,Tie,9,0.000109
1,2,X,O,6,0.000077
1,2,X,O,8,0.000107
1,2,X,O,6,0.000075
1,2,X,O,6,0.000132
1,2,X,O,8,0.000093
1,2,X,O,6,0.000058
1,2,X,O,6,0.000089
1,2,X,O,6,0.000089
1,2,X,O,8,0.000098
1,2,X,O,6,0.000112
1,2,X,Tie,9,0.000112
1,2,X,Tie,9,0.000118
1,2,X,O,6,0.000066
1,2,X,O,8,0.000111
1,2,X,O,6,0.000122
1,2,X,O,6,0.000091
1,2,X,O,6,0.000095
1,2,X,O,6,0.000077
1,2,X,O,6,0.000078
1,2,X,Tie,9,0.000139
1,2,X,O,6,0.000099
1,2,X,O,6,0.000065
1,2,X,Tie,9,0.000110
1,2,X,O,6,0.000070
1,2,X,O,6,0.000111
1,2,X,O,6,0.000098
1,2,X,O,6,0.000112
1,2,X,O,8,0.000110
1,2,X,O,6,0.000099
1,2,X,O,6,0.000060
1,2,X,O,6,0.000073
1,2,X,O,6,0.000106
1,2,X,O,6,0.000061
1,2,X,O,6,0.000095
1,2,X,O,8,0.000102
1,2,X,Tie,9,0.000113
1,2,X,O,6,0.000075
1,2,X,O,8,0.000109
1,2,X,O,8,0.000085
1,2,X,O,6,0.000071
1,2,X,O,6,0.000076
1,2,X,O,6,0.000065
1,2,X,O,6,0.000088
1,2,X,O,6,0.000075
1,2,X,O,8,0.000143
1,2,X,O,6,0.000066
1,2,X,O,8,0.000087
1,2,O,O,5,0.000066
1,2,O,O,5,0.000066
1,2,O,O,7,0.000095
1,2,O,O,5,0.000087
1,2,O,O,5,0.000104
1,2,O,O,5,0.000069
1,2,O,Tie,9,0.000158
1,2,O,O,5,0.000070
1,2,O,O,7,0.000118
1,2,O,O,5,0.000101
1,2,O,O,5,0.000076
1,2,O,O,5,0.000083
1,2,O,O,5,0.000066
1,2,O,O,7,0.000108
1,2,O,O,5,0.000084
1,2,O,O,7,0.000138
1,2,O,O,5,0.000055
1,2,O,O,7,0.000098
1,2,O,O,5,0.000084
1,2,O,O,5,0.000095
1,2,O,O,5,0.000078
1,2,O,O,7,0.000114
1,2,O,O,5,0.000087
1,2,O,O,7,0.000095
1,2,O,Tie,9,0.000148
1,2,O,O,5,0.000061
1,2,O,O,5,0.000098
1,2,O,O,5,0.000083
1,2,O,O,5,0.000084
1,2,O,O,5,0.000065
1,2,O,O,5,0.000054
1,2,O,O,5,0.000056
1,2,O,O,5,0.000056
1,2,O,O,5,0.000086
1,2,O,O,7,0.000138
1,2,O,O,5,0.000089
1,2,O,O,5,0.000062
1,2,O,O,5,0.000082
1,2,O,O,5,0.000065
1,2,O,O,5,0.000097
1,2,O,O,5,0.000110
1,2,O,O,5,0.000076
1,2,O,O,5,0.000082
1,2,O,O,7,0.000108
1,2,O,O,5,0.000063
1,2,O,O,5,0.000075
1,2,O,O,7,0.000137
1,2,O,O,7,0.000119
1,2,O,O,7,0.000094
1,2,O,O,5,0.000076
1,2,O,O,5,0.000076
1,2,O,O,7,0.000094
1,2,O,O,5,0.000083
1,2,O,O,5,0.000099
1,2,O,O,5,0.000064
1,2,O,O,7,0.000100
1,2,O,O,7,0.000087
1,2,O,Tie,9,0.000152
1,2,O,O,5,0.000101
1,2,O,O,5,0.000060
1,2,O,O,5,0.000065
1,2,O,O,7,0.000085
1,2,O,O,5,0.000108
1,2,O,O,7,0.000095
1,2,O,Tie,9,0.000140
1,2,O,O,7,0.000096
1,2,O,O,7,0.000091
1,2,O,O,7,0.000114
1,2,O,O,7,0.000141
1,2,O,O,5,0.000061
1,2,O,O,7,0.000090
1,2,O,O,5,0.000062
1,2,O,O,5,0.000058
1,2,O,O,7,0.000105
1,2,O,O,5,0.000071
1,2,O,O,5,0.000102
1,2,O,O,7,0.000105
1,2,O,Tie,9,0.000133
1,2,O,O,7,0.000085
1,2,O,O,5,0.000060
1,2,O,O,7,0.000100
1,2,O,O,7,0.000103
1,2,O,Tie,9,0.000132
1,2,O,O,5,0.000071
1,2,O,O,7,0.000079
1,2,O,O,5,0.000062
1,2,O,O,5,0.000076
1,2,O,O,5,0.000062
1,2,O,O,7,0.000130
1,2,O,O,5,0.000062
1,2,O,O,5,0.000057
1,2,O,O,7,0.000090
1,2,O,O,7,0.000098
1,2,O,O,5,0.000052
1,2,O,O,5,0.000072
1,2,O,O,5,0.000053
1,2,O,O,7,0.000137
1,2,O,O,5,0.000065
1,2,O,O,7,0.000098
1,2,O,O,7,0.000086
1,2,O,O,7,0.000123
1,2,O,O,5,0.000062
1,2,O,O,5,0.000111
1,2,O,O,5,0.000053
1,2,O,O,7,0.000099
1,2,O,O,5,0.000066
1,2,O,O,5,0.000064
1,2,O,O,5,0.000081
1,2,O,O,5,0.000064
1,2,O,O,5,0.000082
1,2,O,O,5,0.000061
1,2,O,O,5,0.000056
1,2,O,O,5,0.000055
1,2,O,O,7,0.000109
1,2,O,O,5,0.000067
1,2,O,O,7,0.000092
1,2,O,O,7,0.000162
1,2,O,O,5,0.000084
1,2,O,O,5,0.000083
1,2,O,O,5,0.000070
1,2,O,O,5,0.000079
1,2,O,O,5,0.000063
1,2,O,O,7,0.000126
1,2,O,O,5,0.000062
1,2,O,O,5,0.000056
1,2,O,O,5,0.000081
1,2,O,O,7,0.000108
1,2,O,O,5,0.000104
1,2,O,O,5,0.000065
1,2,O,O,5,0.000094
1,2,O,O,5,0.000101
1,2,O,O,5,0.000064
1,2,O,O,5,0.000066
1,2,O,O,5,0.000084
1,2,O,O,5,0.000096
1,2,O,O,7,0.000097
1,2,O,Tie,9,0.000180
1,2,O,O,5,0.000060
1,2,O,O,7,0.000104
1,2,O,O,7,0.000118
1,2,O,O,5,0.000061
1,2,O,O,7,0.000131
1,2,O,O,7,0.000100
1,2,O,O,5,0.000061
1,2,O,Tie,9,0.000137
1,2,O,O,5,0.000078
1,2,O,O,5,0.000060
1,2,O,O,5,0.000104
1,2,O,O,5,0.000067
1,2,O,O,5,0.000068
1,3,X,Tie,9,0.014497
1,3,X,Tie,9,0.031145
1,3,X,Tie,9,0.024712
1,3,X,O,6,0.021421
1,3,X,O,8,0.033396
1,3,X,O,8,0.024676
1,3,X,O,8,0.020125
1,3,X,O,6,0.049660
1,3,X,O,8,0.041358
1,3,X,O,6,0.024674
1,3,X,O,8,0.028509
1,3,X,O,6,0.026596
1,3,X,O,6,0.025158
1,3,X,O,8,0.020523
1,3,X,O,6,0.025997
1,3,X,O,6,0.014971
1,3,X,O,6,0.024968
1,3,X,Tie,9,0.019081
1,3,X,Tie,9,0.015980
1,3,X,O,8,0.055310
1,3,X,O,8,0.032426
1,3,X,O,8,0.023662
1,3,X,O,8,0.014723
1,3,X,O,8,0.021186
1,3,X,O,6,0.024678
1,3,X,O,6,0.023756
1,3,X,Tie,9,0.025129
1,3,X,O,8,0.022225
1,3,X,O,6,0.020832
1,3,X,O,8,0.024915
1,3,X,O,6,0.076533
1,3,X,O,8,0.033644
1,3,X,O,6,0.021676
1,3,X,O,8,0.020782
1,3,X,Tie,9,0.023158
1,3,X,O,6,0.022488
1,3,X,O,6,0.022399
1,3,X,O,8,0.016518
1,3,X,O,6,0.021854
1,3,X,O,6,0.015993
1,3,X,Tie,9,0.067493
1,3,X,O,8,0.025873
1,3,X,O,8,0.022603
1,3,X,O,8,0.024602
1,3,X,O,6,0.023815
1,3,X,O,8,0.014850
1,3,X,O,8,0.020055
1,3,X,O,6,0.024910
1,3,X,O,6,0.025376
1,3,X,Tie,9,0.034527
1,3,X,O,8,0.023213
1,3,X,O,8,0.040321
1,3,X,Tie,9,0.047818
1,3,X,O,6,0.015094
1,3,X,O,8,0.023137
1,3,X,O,8,0.023649
1,3,X,O,6,0.030839
1,3,X,O,8,0.031699
1,3,X,O,8,0.024775
1,3,X,Tie,9,0.024325
1,3,X,Tie,9,0.021161
1,3,X,Tie,9,0.019890
1,3,X,Tie,9,0.061547
1,3,X,O,8,0.021761
1,3,X,O,8,0.022541
1,3,X,Tie,9,0.015516
1,3,X,O,6,0.025562
1,3,X,O,6,0.024366
1,3,X,O,6,0.023928
1,3,X,O,8,0.021134
1,3,X,O,8,0.016194
1,3,X,O,8,0.022572
1,3,X,Tie,9,0.034484
1,3,X,O,8,0.068870
1,3,X,O,6,0.033840
1,3,X,Tie,9,0.059947
1,3,X,O,6,0.047190
1,3,X,O,8,0.022153
1,3,X,O,8,0.024550
1,3,X,O,8,0.024385
1,3,X,O,6,0.019290
1,3,X,Tie,9,0.071312
1,3,X,O,8,0.035292
1,3,X,O,6,0.031868
1,3,X,O,8,0.021008
1,3,X,O,6,0.020455
1,3,X,O,8,0.031469
1,3,X,O,6,0.024109
1,3,X,O,8,0.024416
1,3,X,O,8,0.022467
1,3,X,O,8,0.025180
1,3,X,O,6,0.063624
1,3,X,Tie,9,0.024715
1,3,X,O,8,0.023791
1,3,X,O,6,0.013775
1,3,X,O,6,0.025016
1,3,X,O,6,0.024373
1,3,X,O,8,0.025663
1,3,X,Tie,9,0.024712
1,3,X,O,6,0.024660
1,3,X,O,8,0.021002
1,3,X,O,6,0.023009
1,3,X,Tie,9,0.069960
1,3,X,O,6,0.034850
1,3,X,O,8,0.014159
1,3,X,O,6,0.020414
1,3,X,O,6,0.021819
1,3,X,O,8,0.022453
1,3,X,O,6,0.055849
1,3,X,O,8,0.034967
1,3,X,O,8,0.031004
1,3,X,O,6,0.063102
1,3,X,O,8,0.038180
1,3,X,Tie,9,0.015668
1,3,X,O,8,0.023802
1,3,X,O,6,0.023645
1,3,X,O,8,0.022407
1,3,X,O,8,0.022294
1,3,X,O,6,0.015401
1,3,X,O,8,0.024338
1,3,X,O,8,0.024186
1,3,X,O,8,0.021617
1,3,X,O,8,0.062285
1,3,X,O,6,0.031420
1,3,X,O,8,0.015511
1,3,X,O,6,0.031829
1,3,X,O,8,0.020865
1,3,X,Tie,9,0.025417
1,3,X,O,6,0.027444
1,3,X,Tie,9,0.032355
1,3,X,O,8,0.022340
1,3,X,O,6,0.013971
1,3,X,O,8,0.027921
1,3,X,O,8,0.068864
1,3,X,O,8,0.023248
1,3,X,O,8,0.024780
1,3,X,Tie,9,0.015341
1,3,X,O,8,0.023773
1,3,X,O,8,0.023551
1,3,X,O,6,0.023314
1,3,X,O,8,0.024815
1,3,X,O,6,0.020572
1,3,X,O,8,0.026754
1,3,X,O,8,0.063800
1,3,X,O,8,0.041492
1,3,X,Tie,9,0.021096
1,3,X,O,6,0.024312
1,3,X,O,8,0.024621
1,3,X,O,6,0.018725
1,3,X,O,6,0.014400
1,3,O,O,7,0.116609
1,3,O,O,7,0.162725
1,3,O,O,5,0.111585
1,3,O,O,5,0.158550
1,3,O,O,5,0.115618
1,3,O,O,5,0.159562
1,3,O,O,7,0.112409
1,3,O,O,5,0.161666
1,3,O,O,5,0.117331
1,3,O,O,5,0.157107
1,3,O,O,5,0.112895
1,3,O,O,7,0.119327
1,3,O,O,5,0.160659
1,3,O,O,7,0.170424
1,3,O,O,5,0.166105
1,3,O,O,7,0.116663
1,3,O,O,5,0.163702
1,3,O,O,5,0.115454
1,3,O,O,9,0.164238
1,3,O,O,5,0.113043
1,3,O,O,5,0.160088
1,3,O,O,7,0.114624
1,3,O,O,5,0.164354
1,3,O,O,7,0.114621
1,3,O,O,5,0.112036
1,3,O,O,5,0.164070
1,3,O,O,5,0.112251
1,3,O,O,5,0.144192
1,3,O,O,5,0.118721
1,3,O,O,5,0.112242
1,3,O,O,5,0.158552
1,3,O,O,5,0.116260
1,3,O,O,7,0.158029
1,3,O,O,5,0.115674
1,3,O,O,5,0.158965
1,3,O,O,5,0.114277
1,3,O,O,7,0.156342
1,3,O,O,9,0.122874
1,3,O,O,5,0.113667
1,3,O,O,5,0.154227
1,3,O,O,7,0.120911
1,3,O,O,5,0.159680
1,3,O,O,5,0.116019
1,3,O,O,7,0.154894
1,3,O,O,7,0.116016
1,3,O,O,5,0.157932
1,3,O,O,5,0.111994
1,3,O,O,5,0.181627
1,3,O,O,5,0.181891
1,3,O,O,5,0.129464
1,3,O,O,5,0.136051
1,3,O,O,9,0.113045
1,3,O,O,5,0.160396
1,3,O,O,5,0.114631
1,3,O,O,5,0.161439
1,3,O,O,7,0.114017
1,3,O,O,7,0.166062
1,3,O,O,5,0.112847
1,3,O,O,5,0.113528
1,3,O,O,5,0.158048
1,3,O,O,7,0.116436
1,3,O,O,5,0.157868
1,3,O,O,7,0.117404
1,3,O,O,5,0.158252
1,3,O,O,7,0.113439
1,3,O,O,5,0.148157
1,3,O,O,5,0.114685
1,3,O,O,7,0.163083
1,3,O,O,5,0.115647
1,3,O,O,5,0.114147
1,3,O,O,5,0.161618
1,3,O,O,5,0.114745
1,3,O,O,5,0.161304
1,3,O,O,5,0.114461
1,3,O,O,7,0.163336
1,3,O,O,5,0.115467
1,3,O,O,9,0.165936
1,3,O,O,5,0.113265
1,3,O,O,5,0.170214
1,3,O,O,7,0.117534
1,3,O,O,9,0.115423
1,3,O,O,5,0.164542
1,3,O,O,5,0.113453
1,3,O,O,5,0.153386
1,3,O,O,5,0.112212
1,3,O,O,7,0.158265
1,3,O,O,5,0.112192
1,3,O,O,5,0.115759
1,3,O,O,7,0.156572
1,3,O,O,5,0.111578
1,3,O,O,7,0.158540
1,3,O,O,5,0.111833
1,3,O,O,7,0.162792
1,3,O,O,5,0.115881
1,3,O,O,5,0.154713
1,3,O,O,7,0.134766
1,3,O,O,7,0.116796
1,3,O,O,5,0.160511
1,3,O,O,7,0.113910
1,3,O,O,5,0.160947
1,3,O,O,7,0.170532
1,3,O,O,5,0.192505
1,3,O,O,7,0.114731
1,3,O,O,7,0.160166
1,3,O,O,5,0.122654
1,3,O,O,5,0.114058
1,3,O,O,5,0.164993
1,3,O,O,5,0.113598
1,3,O,O,5,0.113691
1,3,O,O,5,0.156927
1,3,O,O,5,0.113082
1,3,O,O,5,0.161122
1,3,O,O,7,0.113977
1,3,O,O,5,0.162651
1,3,O,O,5,0.115767
1,3,O,O,7,0.166186
1,3,O,O,5,0.113559
1,3,O,O,5,0.124861
1,3,O,O,5,0.149504
1,3,O,O,5,0.112887
1,3,O,O,7,0.152573
1,3,O,O,9,0.121808
1,3,O,O,5,0.119337
1,3,O,O,5,0.162403
1,3,O,O,5,0.114817
1,3,O,O,9,0.162363
1,3,O,O,5,0.113443
1,3,O,O,7,0.158892
1,3,O,O,5,0.113364
1,3,O,O,5,0.113700
1,3,O,O,7,0.163582
1,3,O,O,9,0.116956
1,3,O,O,5,0.167647
1,3,O,O,5,0.111609
1,3,O,O,5,0.116158
1,3,O,O,5,0.154705
1,3,O,O,5,0.111439
1,3,O,O,5,0.159540
1,3,O,O,5,0.110828
1,3,O,O,7,0.114633
1,3,O,O,5,0.164336
1,3,O,O,5,0.114892
1,3,O,O,7,0.159647
1,3,O,O,5,0.119775
1,3,O,O,7,0.163080
1,3,O,O,5,0.117299
1,3,O,O,5,0.163870
1,3,O,O,5,0.114036
1,3,O,O,5,0.114704
1,3,O,O,5,0.163198
2,1,X,X,5,0.000071
2,1,X,Tie,9,0.000167
2,1,X,X,5,0.000097
2,1,X,X,5,0.000083
2,1,X,X,5,0.000071
2,1,X,X,5,0.000082
2,1,X,X,7,0.000112
2,1,X,X,5,0.000067
2,1,X,Tie,9,0.000195
2,1,X,X,5,0.000060
2,1,X,X,7,0.000103
2,1,X,X,5,0.000084
2,1,X,X,7,0.000096
2,1,X,X,5,0.000078
2,1,X,X,5,0.000065
2,1,X,X,7,0.000143
2,1,X,X,5,0.000064
2,1,X,X,5,0.000062
2,1,X,X,5,0.000083
2,1,X,X,5,0.000080
2,1,X,X,7,0.000102
2,1,X,X,5,0.000101
2,1,X,X,5,0.000078
2,1,X,X,5,0.000063
2,1,X,X,5,0.000081
2,1,X,X,5,0.000066
2,1,X,X,5,0.000096
2,1,X,X,5,0.000070
2,1,X,X,5,0.000099
2,1,X,X,5,0.000076
2,1,X,X,5,0.000079
2,1,X,X,5,0.000084
2,1,X,X,5,0.000087
2,1,X,X,5,0.000067
2,1,X,X,5,0.000069
2,1,X,X,7,0.000140
2,1,X,X,7,0.000103
2,1,X,X,7,0.000116
2,1,X,X,5,0.000060
2,1,X,X,7,0.000104
2,1,X,X,7,0.000113
2,1,X,X,5,0.000076
2,1,X,X,7,0.000111
2,1,X,X,5,0.000066
2,1,X,X,5,0.000063
2,1,X,X,5,0.000055
2,1,X,X,5,0.000062
2,1,X,X,7,0.000112
2,1,X,X,5,0.000137
2,1,X,X,5,0.000083
2,1,X,X,5,0.000065
2,1,X,X,7,0.000112
2,1,X,X,5,0.000056
2,1,X,X,7,0.000105
2,1,X,X,5,0.000109
2,1,X,X,7,0.000119
2,1,X,X,5,0.000074
2,1,X,X,5,0.000082
2,1,X,X,5,0.000081
2,1,X,X,5,0.000078
2,1,X,X,7,0.000112
2,1,X,Tie,9,0.000134
2,1,X,X,7,0.000096
2,1,X,X,5,0.000079
2,1,X,X,5,0.000070
2,1,X,X,7,0.000146
2,1,X,X,5,0.000081
2,1,X,X,5,0.000095
2,1,X,X,7,0.000119
2,1,X,X,5,0.000068
2,1,X,X,5,0.000068
2,1,X,X,7,0.000102
2,1,X,X,5,0.000102
2,1,X,X,5,0.000102
2,1,X,X,5,0.000106
2,1,X,X,5,0.000076
2,1,X,X,7,0.000111
2,1,X,X,7,0.000110
2,1,X,X,5,0.000062
2,1,X,X,5,0.000084
2,1,X,X,5,0.000119
2,1,X,X,5,0.000083
2,1,X,X,5,0.000075
2,1,X,X,5,0.000090
2,1,X,X,5,0.000072
2,1,X,X,7,0.000092
2,1,X,X,7,0.000093
2,1,X,X,5,0.000083
2,1,X,X,5,0.000093
2,1,X,X,5,0.000076
2,1,X,X,7,0.000099
2,1,X,X,5,0.000065
2,1,X,X,5,0.000061
2,1,X,X,7,0.000135
2,1,X,X,5,0.000100
2,1,X,X,5,0.000070
2,1,X,Tie,9,0.000159
2,1,X,X,7,0.000119
2,1,X,X,5,0.000083
2,1,X,X,5,0.000083
2,1,X,X,5,0.000134
2,1,X,X,5,0.000086
2,1,X,Tie,9,0.000138
2,1,X,X,5,0.000076
2,1,X,X,5,0.000096
2,1,X,X,5,0.000077
2,1,X,X,5,0.000081
2,1,X,X,5,0.000115
2,1,X,X,5,0.000079
2,1,X,X,5,0.000076
2,1,X,X,5,0.000091
2,1,X,X,5,0.000068
2,1,X,X,7,0.000124
2,1,X,X,5,0.000125
2,1,X,X,7,0.000131
2,1,X,X,7,0.000103
2,1,X,Tie,9,0.000142
2,1,X,X,5,0.000096
2,1,X,X,5,0.000089
2,1,X,X,5,0.000092
2,1,X,X,7,0.000092
2,1,X,X,5,0.000077
2,1,X,X,5,0.000083
2,1,X,X,7,0.000122
2,1,X,X,7,0.000123
2,1,X,X,5,0.000098
2,1,X,X,5,0.000074
2,1,X,X,7,0.000102
2,1,X,X,7,0.000112
2,1,X,X,5,0.000077
2,1,X,X,5,0.000093
2,1,X,X,5,0.000074
2,1,X,X,7,0.000091
2,1,X,X,5,0.000074
2,1,X,X,5,0.000062
2,1,X,X,5,0.000062
2,1,X,X,5,0.000073
2,1,X,X,5,0.000074
2,1,X,X,7,0.000156
2,1,X,X,5,0.000073
2,1,X,X,7,0.000095
2,1,X,X,5,0.000060
2,1,X,X,5,0.000084
2,1,X,X,7,0.000099
2,1,X,X,7,0.000111
2,1,X,X,5,0.000062
2,1,X,X,5,0.000061
2,1,X,X,5,0.000066
2,1,X,X,7,0.000111
2,1,X,X,5,0.000063
2,1,O,X,6,0.000072
2,1,O,X,6,0.000153
2,1,O,X,6,0.000089
2,1,O,X,8,0.000100
2,1,O,X,6,0.000079
2,1,O,X,6,0.000078
2,1,O,X,6,0.000116
2,1,O,X,6,0.000082
2,1,O,X,6,0.000071
2,1,O,X,8,0.000101
2,1,O,X,6,0.000077
2,1,O,X,6,0.000088
2,1,O,X,6,0.000085
2,1,O,X,6,0.000124
2,1,O,O,7,0.000076
2,1,O,O,7,0.000101
2,1,O,Tie,9,0.000118
2,1,O,X,8,0.000118
2,1,O,Tie,9,0.000198
2,1,O,X,6,0.000098
2,1,O,Tie,9,0.000133
2,1,O,Tie,9,0.000135
2,1,O,X,6,0.000115
2,1,O,X,6,0.000089
2,1,O,X,6,0.000075
2,1,O,X,6,0.000060
2,1,O,X,6,0.000089
2,1,O,X,6,0.000077
2,1,O,X,6,0.000105
2,1,O,X,6,0.000106
2,1,O,X,6,0.000100
2,1,O,X,6,0.000078
2,1,O,X,8,0.000121
2,1,O,X,6,0.000086
2,1,O,X,8,0.000103
2,1,O,X,6,0.000077
2,1,O,X,6,0.000100
2,1,O,Tie,9,0.000122
2,1,O,Tie,9,0.000097
2,1,O,X,6,0.000069
2,1,O,X,8,0.000104
2,1,O,X,8,0.000112
2,1,O,X,6,0.000080
2,1,O,X,8,0.000098
2,1,O,X,6,0.000068
2,1,O,X,6,0.000077
2,1,O,X,6,0.000059
2,1,O,X,8,0.000119
2,1,O,X,8,0.000133
2,1,O,X,6,0.000071
2,1,O,X,6,0.000065
2,1,O,X,8,0.000082
2,1,O,X,6,0.000090
2,1,O,X,8,0.000108
2,1,O,X,6,0.000089
2,1,O,Tie,9,0.000127
2,1,O,X,6,0.000080
2,1,O,Tie,9,0.000136
2,1,O,X,6,0.000076
2,1,O,Tie,9,0.000136
2,1,O,Tie,9,0.000183
2,1,O,X,6,0.000066
2,1,O,X,8,0.000105
2,1,O,X,8,0.000120
2,1,O,X,6,0.000095
2,1,O,X,6,0.000113
2,1,O,X,6,0.000060
2,1,O,X,6,0.000064
2,1,O,X,6,0.000067
2,1,O,X,6,0.000078
2,1,O,X,6,0.000073
2,1,O,X,6,0.000076
2,1,O,X,6,0.000135
2,1,O,X,6,0.000075
2,1,O,X,6,0.000083
2,1,O,X,6,0.000080
2,1,O,X,6,0.000091
2,1,O,X,6,0.000085
2,1,O,X,6,0.000072
2,1,O,X,8,0.000125
2,1,O,X,6,0.000075
2,1,O,X,6,0.000067
2,1,O,X,8,0.000111
2,1,O,X,6,0.000070
2,1,O,Tie,9,0.000148
2,1,O,X,6,0.000164
2,1,O,X,6,0.000060
2,1,O,X,6,0.000059
2,1,O,X,6,0.000060
2,1,O,X,6,0.000055
2,1,O,Tie,9,0.000126
2,1,O,X,6,0.000078
2,1,O,X,8,0.000159
2,1,O,X,6,0.000070
2,1,O,X,8,0.000104
2,1,O,X,6,0.000062
2,1,O,X,6,0.000059
2,1,O,X,6,0.000064
2,1,O,X,6,0.000113
2,1,O,X,6,0.000081
2,1,O,X,6,0.000060
2,1,O,X,6,0.000073
2,1,O,X,6,0.000079
2,1,O,X,6,0.000073
2,1,O,X,6,0.000085
2,1,O,X,8,0.000124
2,1,O,X,8,0.000115
2,1,O,X,6,0.000074
2,1,O,X,6,0.000088
2,1,O,X,8,0.000100
2,1,O,X,6,0.000073
2,1,O,Tie,9,0.000175
2,1,O,X,6,0.000074
2,1,O,X,6,0.000060
2,1,O,X,6,0.000076
2,1,O,X,6,0.000096
2,1,O,X,6,0.000069
2,1,O,X,6,0.000063
2,1,O,Tie,9,0.000128
2,1,O,Tie,9,0.000132
2,1,O,X,6,0.000073
2,1,O,X,8,0.000118
2,1,O,X,6,0.000060
2,1,O,X,6,0.000074
2,1,O,X,6,0.000085
2,1,O,X,6,0.000093
2,1,O,X,6,0.000066
2,1,O,X,6,0.000084
2,1,O,Tie,9,0.000127
2,1,O,X,6,0.000074
2,1,O,X,6,0.000079
2,1,O,X,6,0.000091
2,1,O,X,6,0.000088
2,1,O,X,6,0.000071
2,1,O,Tie,9,0.000141
2,1,O,Tie,9,0.000132
2,1,O,Tie,9,0.000156
2,1,O,X,6,0.000116
2,1,O,X,6,0.000073
2,1,O,X,6,0.000085
2,1,O,X,6,0.000080
2,1,O,X,6,0.000067
2,1,O,X,6,0.000071
2,1,O,X,6,0.000144
2,1,O,Tie,9,0.000120
2,1,O,X,6,0.000085
2,1,O,X,6,0.000088
2,1,O,X,6,0.000061
2,1,O,Tie,9,0.000189
2,1,O,X,6,0.000086
2,2,X,Tie,9,0.000211
2,2,X,Tie,9,0.000225
2,2,X,Tie,9,0.000266
2,2,X,Tie,9,0.000216
2,2,X,Tie,9,0.000258
2,2,X,Tie,9,0.000228
2,2,X,Tie,9,0.000238
2,2,X,Tie,9,0.000237
2,2,X,Tie,9,0.000238
2,2,X,Tie,9,0.000265
2,2,X,Tie,9,0.000235
2,2,X,Tie,9,0.000257
2,2,X,Tie,9,0.000215
2,2,X,Tie,9,0.000235
2,2,X,Tie,9,0.000243
2,2,X,Tie,9,0.000223
2,2,X,Tie,9,0.000273
2,2,X,Tie,9,0.000217
2,2,X,Tie,9,0.000240
2,2,X,Tie,9,0.000235
2,2,X,Tie,9,0.000240
2,2,X,Tie,9,0.000244
2,2,X,Tie,9,0.000224
2,2,X,Tie,9,0.000274
2,2,X,Tie,9,0.000236
2,2,X,Tie,9,0.000236
2,2,X,Tie,9,0.000269
2,2,X,Tie,9,0.000201
2,2,X,Tie,9,0.000272
2,2,X,Tie,9,0.000229
2,2,X,Tie,9,0.000209
2,2,X,Tie,9,0.000256
2,2,X,Tie,9,0.000235
2,2,X,Tie,9,0.000224
2,2,X,Tie,9,0.000245
2,2,X,Tie,9,0.000231
2,2,X,Tie,9,0.000238
2,2,X,Tie,9,0.000228
2,2,X,Tie,9,0.000238
2,2,X,Tie,9,0.000234
2,2,X,Tie,9,0.000214
2,2,X,Tie,9,0.000230
2,2,X,Tie,9,0.000223
2,2,X,Tie,9,0.000251
2,2,X,Tie,9,0.000254
2,2,X,Tie,9,0.000214
2,2,X,Tie,9,0.000243
2,2,X,Tie,9,0.000235
2,2,X,Tie,9,0.000248
2,2,X,Tie,9,0.000204
2,2,X,Tie,9,0.000256
2,2,X,Tie,9,0.000276
2,2,X,Tie,9,0.000228
2,2,X,Tie,9,0.000300
2,2,X,Tie,9,0.000227
2,2,X,Tie,9,0.000217
2,2,X,Tie,9,0.000211
2,2,X,Tie,9,0.000246
2,2,X,Tie,9,0.000257
2,2,X,Tie,9,0.000256
2,2,X,Tie,9,0.000221
2,2,X,Tie,9,0.000222
2,2,X,Tie,9,0.000202
2,2,X,Tie,9,0.000258
2,2,X,Tie,9,0.000200
2,2,X,Tie,9,0.000261
2,2,X,Tie,9,0.000218
2,2,X,Tie,9,0.000208
2,2,X,Tie,9,0.000252
2,2,X,Tie,9,0.000213
2,2,X,Tie,9,0.000275
2,2,X,Tie,9,0.000218
2,2,X,Tie,9,0.000227
2,2,X,Tie,9,0.000271
2,2,X,Tie,9,0.000224
2,2,X,Tie,9,0.000216
2,2,X,Tie,9,0.000206
2,2,X,Tie,9,0.000226
2,2,X,Tie,9,0.000210
2,2,X,Tie,9,0.000231
2,2,X,Tie,9,0.000217
2,2,X,Tie,9,0.000275
2,2,X,Tie,9,0.000233
2,2,X,Tie,9,0.000233
2,2,X,Tie,9,0.000202
2,2,X,Tie,9,0.000203
2,2,X,Tie,9,0.000229
2,2,X,Tie,9,0.001544
2,2,X,Tie,9,0.000276
2,2,X,Tie,9,0.000314
2,2,X,Tie,9,0.000245
2,2,X,Tie,9,0.000253
2,2,X,Tie,9,0.000193
2,2,X,Tie,9,0.000223
2,2,X,Tie,9,0.000257
2,2,X,Tie,9,0.000213
2,2,X,Tie,9,0.000220
2,2,X,Tie,9,0.000236
2,2,X,Tie,9,0.000247
2,2,X,Tie,9,0.000218
2,2,X,Tie,9,0.000244
2,2,X,Tie,9,0.000251
2,2,X,Tie,9,0.000234
2,2,X,Tie,9,0.000202
2,2,X,Tie,9,0.000236
2,2,X,Tie,9,0.000270
2,2,X,Tie,9,0.000238
2,2,X,Tie,9,0.000287
2,2,X,Tie,9,0.000217
2,2,X,Tie,9,0.000221
2,2,X,Tie,9,0.000226
2,2,X,Tie,9,0.000214
2,2,X,Tie,9,0.000246
2,2,X,Tie,9,0.000274
2,2,X,Tie,9,0.000216
2,2,X,Tie,9,0.000265
2,2,X,Tie,9,0.000239
2,2,X,Tie,9,0.000271
2,2,X,Tie,9,0.000204
2,2,X,Tie,9,0.000237
2,2,X,Tie,9,0.000254
2,2,X,Tie,9,0.000211
2,2,X,Tie,9,0.000253
2,2,X,Tie,9,0.000238
2,2,X,Tie,9,0.000234
2,2,X,Tie,9,0.000263
2,2,X,Tie,9,0.000222
2,2,X,Tie,9,0.000225
2,2,X,Tie,9,0.000210
2,2,X,Tie,9,0.000203
2,2,X,Tie,9,0.000255
2,2,X,Tie,9,0.000207
2,2,X,Tie,9,0.000205
2,2,X,Tie,9,0.000261
2,2,X,Tie,9,0.000226
2,2,X,Tie,9,0.000278
2,2,X,Tie,9,0.000241
2,2,X,Tie,9,0.000218
2,2,X,Tie,9,0.000272
2,2,X,Tie,9,0.000213
2,2,X,Tie,9,0.000298
2,2,X,Tie,9,0.000227
2,2,X,Tie,9,0.000258
2,2,X,Tie,9,0.000193
2,2,X,Tie,9,0.000192
2,2,X,Tie,9,0.000273
2,2,X,Tie,9,0.000209
2,2,X,Tie,9,0.000214
2,2,X,Tie,9,0.000253
2,2,X,Tie,9,0.000216
2,2,O,Tie,9,0.000270
2,2,O,Tie,9,0.000213
2,2,O,Tie,9,0.000226
2,2,O,Tie,9,0.000238
2,2,O,Tie,9,0.000214
2,2,O,Tie,9,0.000220
2,2,O,Tie,9,0.000245
2,2,O,Tie,9,0.000242
2,2,O,Tie,9,0.000256
2,2,O,Tie,9,0.000229
2,2,O,Tie,9,0.000271
2,2,O,Tie,9,0.000212
2,2,O,Tie,9,0.000203
2,2,O,Tie,9,0.000268
2,2,O,Tie,9,0.000201
2,2,O,Tie,9,0.000283
2,2,O,Tie,9,0.000210
2,2,O,Tie,9,0.000208
2,2,O,Tie,9,0.000244
2,2,O,Tie,9,0.000193
2,2,O,Tie,9,0.000251
2,2,O,Tie,9,0.000227
2,2,O,Tie,9,0.000226
2,2,O,Tie,9,0.000308
2,2,O,Tie,9,0.000229
2,2,O,Tie,9,0.000233
2,2,O,Tie,9,0.000245
2,2,O,Tie,9,0.000232
2,2,O,Tie,9,0.000214
2,2,O,Tie,9,0.000227
2,2,O,Tie,9,0.000362
2,2,O,Tie,9,0.000327
2,2,O,Tie,9,0.000233
2,2,O,Tie,9,0.000216
2,2,O,Tie,9,0.000225
2,2,O,Tie,9,0.000236
2,2,O,Tie,9,0.000214
2,2,O,Tie,9,0.000201
2,2,O,Tie,9,0.000242
2,2,O,Tie,9,0.000232
2,2,O,Tie,9,0.000215
2,2,O,Tie,9,0.000241
2,2,O,Tie,9,0.000225
2,2,O,Tie,9,0.000294
2,2,O,Tie,9,0.000223
2,2,O,Tie,9,0.000251
2,2,O,Tie,9,0.000217
2,2,O,Tie,9,0.000219
2,2,O,Tie,9,0.000276
2,2,O,Tie,9,0.000213
2,2,O,Tie,9,0.000232
2,2,O,Tie,9,0.000266
2,2,O,Tie,9,0.000235
2,2,O,Tie,9,0.000248
2,2,O,Tie,9,0.000209
2,2,O,Tie,9,0.000246
2,2,O,Tie,9,0.000217
2,2,O,Tie,9,0.000219
2,2,O,Tie,9,0.000259
2,2,O,Tie,9,0.000212
2,2,O,Tie,9,0.000198
2,2,O,Tie,9,0.000349
2,2,O,Tie,9,0.000258
2,2,O,Tie,9,0.000326
2,2,O,Tie,9,0.000228
2,2,O,Tie,9,0.000245
2,2,O,Tie,9,0.000246
2,2,O,Tie,9,0.000228
2,2,O,Tie,9,0.000228
2,2,O,Tie,9,0.000239
2,2,O,Tie,9,0.000209
2,2,O,Tie,9,0.000253
2,2,O,Tie,9,0.000221
2,2,O,Tie,9,0.000277
2,2,O,Tie,9,0.000244
2,2,O,Tie,9,0.000210
2,2,O,Tie,9,0.000268
2,2,O,Tie,9,0.000234
2,2,O,Tie,9,0.000234
2,2,O,Tie,9,0.000245
2,2,O,Tie,9,0.000228
2,2,O,Tie,9,0.000285
2,2,O,Tie,9,0.000201
2,2,O,Tie,9,0.000212
2,2,O,Tie,9,0.000227
2,2,O,Tie,9,0.000228
2,2,O,Tie,9,0.000202
2,2,O,Tie,9,0.000248
2,2,O,Tie,9,0.000232
2,2,O,Tie,9,0.000299
2,2,O,Tie,9,0.000204
2,2,O,Tie,9,0.000254
2,2,O,Tie,9,0.000251
2,2,O,Tie,9,0.000216
2,2,O,Tie,9,0.000248
2,2,O,Tie,9,0.000203
2,2,O,Tie,9,0.000224
2,2,O,Tie,9,0.000260
2,2,O,Tie,9,0.000212
2,2,O,Tie,9,0.000259
2,2,O,Tie,9,0.000226
2,2,O,Tie,9,0.000220
2,2,O,Tie,9,0.000267
2,2,O,Tie,9,0.000203
2,2,O,Tie,9,0.000293
2,2,O,Tie,9,0.000210
2,2,O,Tie,9,0.000248
2,2,O,Tie,9,0.000238
2,2,O,Tie,9,0.000234
2,2,O,Tie,9,0.000221
2,2,O,Tie,9,0.000201
2,2,O,Tie,9,0.000238
2,2,O,Tie,9,0.000254
2,2,O,Tie,9,0.000193
2,2,O,Tie,9,0.000234
2,2,O,Tie,9,0.000239
2,2,O,Tie,9,0.000201
2,2,O,Tie,9,0.000251
2,2,O,Tie,9,0.000226
2,2,O,Tie,9,0.000269
2,2,O,Tie,9,0.000290
2,2,O,Tie,9,0.000221
2,2,O,Tie,9,0.000247
2,2,O,Tie,9,0.000207
2,2,O,Tie,9,0.000194
2,2,O,Tie,9,0.000255
2,2,O,Tie,9,0.000219
2,2,O,Tie,9,0.000203
2,2,O,Tie,9,0.000252
2,2,O,Tie,9,0.000203
2,2,O,Tie,9,0.000224
2,2,O,Tie,9,0.000285
2,2,O,Tie,9,0.000204
2,2,O,Tie,9,0.000232
2,2,O,Tie,9,0.000252
2,2,O,Tie,9,0.000236
2,2,O,Tie,9,0.000230
2,2,O,Tie,9,0.000216
2,2,O,Tie,9,0.000206
2,2,O,Tie,9,0.000243
2,2,O,Tie,9,0.000201
2,2,O,Tie,9,0.000212
2,2,O,Tie,9,0.000247
2,2,O,Tie,9,0.000213
2,2,O,Tie,9,0.000271
2,2,O,Tie,9,0.000224
2,2,O,Tie,9,0.000251
2,2,O,Tie,9,0.000227
2,2,O,Tie,9,0.000202
2,2,O,Tie,9,0.000239
2,3,X,Tie,9,0.015878
2,3,X,Tie,9,0.015838
2,3,X,Tie,9,0.016062
2,3,X,Tie,9,0.050591
2,3,X,Tie,9,0.026128
2,3,X,Tie,9,0.016137
2,3,X,Tie,9,0.015065
2,3,X,Tie,9,0.016527
2,3,X,Tie,9,0.016141
2,3,X,Tie,9,0.015147
2,3,X,Tie,9,0.016374
2,3,X,Tie,9,0.016078
2,3,X,Tie,9,0.015038
2,3,X,Tie,9,0.016318
2,3,X,Tie,9,0.016499
2,3,X,Tie,9,0.015985
2,3,X,Tie,9,0.015558
2,3,X,Tie,9,0.016184
2,3,X,Tie,9,0.015301
2,3,X,Tie,9,0.018663
2,3,X,Tie,9,0.047554
2,3,X,Tie,9,0.026788
2,3,X,Tie,9,0.015137
2,3,X,Tie,9,0.014834
2,3,X,Tie,9,0.015534
2,3,X,Tie,9,0.014977
2,3,X,Tie,9,0.015961
2,3,X,Tie,9,0.015371
2,3,X,Tie,9,0.015805
2,3,X,Tie,9,0.015428
2,3,X,Tie,9,0.016142
2,3,X,Tie,9,0.015572
2,3,X,Tie,9,0.015584
2,3,X,Tie,9,0.015437
2,3,X,Tie,9,0.014806
2,3,X,Tie,9,0.014764
2,3,X,Tie,9,0.014811
2,3,X,Tie,9,0.057177
2,3,X,Tie,9,0.026939
2,3,X,Tie,9,0.015619
2,3,X,Tie,9,0.015794
2,3,X,Tie,9,0.015327
2,3,X,Tie,9,0.015830
2,3,X,Tie,9,0.015140
2,3,X,Tie,9,0.015800
2,3,X,Tie,9,0.014835
2,3,X,Tie,9,0.014647
2,3,X,Tie,9,0.016664
2,3,X,Tie,9,0.014890
2,3,X,Tie,9,0.015811
2,3,X,Tie,9,0.015940
2,3,X,Tie,9,0.015692
2,3,X,Tie,9,0.016764
2,3,X,Tie,9,0.016543
2,3,X,Tie,9,0.051885
2,3,X,Tie,9,0.026771
2,3,X,Tie,9,0.014686
2,3,X,Tie,9,0.015104
2,3,X,Tie,9,0.015767
2,3,X,Tie,9,0.015521
2,3,X,Tie,9,0.015881
2,3,X,Tie,9,0.014938
2,3,X,Tie,9,0.015872
2,3,X,Tie,9,0.016766
2,3,X,Tie,9,0.016094
2,3,X,Tie,9,0.015857
2,3,X,Tie,9,0.016113
2,3,X,Tie,9,0.016095
2,3,X,Tie,9,0.015796
2,3,X,Tie,9,0.015498
2,3,X,Tie,9,0.014753
2,3,X,Tie,9,0.054400
2,3,X,Tie,9,0.027026
2,3,X,Tie,9,0.015812
2,3,X,Tie,9,0.014796
2,3,X,Tie,9,0.015736
2,3,X,Tie,9,0.015428
2,3,X,Tie,9,0.014680
2,3,X,Tie,9,0.015484
2,3,X,Tie,9,0.014888
2,3,X,Tie,9,0.017115
2,3,X,Tie,9,0.015829
2,3,X,Tie,9,0.016335
2,3,X,Tie,9,0.016106
2,3,X,Tie,9,0.016693
2,3,X,Tie,9,0.016244
2,3,X,Tie,9,0.057137
2,3,X,Tie,9,0.026460
2,3,X,Tie,9,0.015778
2,3,X,Tie,9,0.015463
2,3,X,Tie,9,0.016300
2,3,X,Tie,9,0.015148
2,3,X,Tie,9,0.016861
2,3,X,Tie,9,0.017370
2,3,X,Tie,9,0.018963
2,3,X,Tie,9,0.016649
2,3,X,Tie,9,0.017695
2,3,X,Tie,9,0.017183
2,3,X,Tie,9,0.017633
2,3,X,Tie,9,0.016922
2,3,X,Tie,9,0.018066
2,3,X,Tie,9,0.030804
2,3,X,Tie,9,0.076204
2,3,X,Tie,9,0.041683
2,3,X,Tie,9,0.028224
2,3,X,Tie,9,0.029710
2,3,X,Tie,9,0.020130
2,3,X,Tie,9,0.024432
2,3,X,Tie,9,0.023985
2,3,X,Tie,9,0.018931
2,3,X,Tie,9,0.016252
2,3,X,Tie,9,0.015598
2,3,X,Tie,9,0.022658
2,3,X,Tie,9,0.020592
2,3,X,Tie,9,0.016321
2,3,X,Tie,9,0.014927
2,3,X,Tie,9,0.016021
2,3,X,Tie,9,0.014916
2,3,X,Tie,9,0.016435
2,3,X,Tie,9,0.058799
2,3,X,Tie,9,0.028678
2,3,X,Tie,9,0.017242
2,3,X,Tie,9,0.017337
2,3,X,Tie,9,0.016838
2,3,X,Tie,9,0.016501
2,3,X,Tie,9,0.016936
2,3,X,Tie,9,0.015579
2,3,X,Tie,9,0.016570
2,3,X,Tie,9,0.016238
2,3,X,Tie,9,0.015350
2,3,X,Tie,9,0.016630
2,3,X,Tie,9,0.016068
2,3,X,Tie,9,0.016505
2,3,X,Tie,9,0.016457
2,3,X,Tie,9,0.015560
2,3,X,Tie,9,0.016482
2,3,X,Tie,9,0.027357
2,3,X,Tie,9,0.045362
2,3,X,Tie,9,0.029556
2,3,X,Tie,9,0.016788
2,3,X,Tie,9,0.016764
2,3,X,Tie,9,0.015442
2,3,X,Tie,9,0.016494
2,3,X,Tie,9,0.016129
2,3,X,Tie,9,0.016725
2,3,X,Tie,9,0.016724
2,3,X,Tie,9,0.017704
2,3,X,Tie,9,0.017037
2,3,X,Tie,9,0.016496
2,3,X,Tie,9,0.016326
2,3,O,Tie,9,0.164715
2,3,O,Tie,9,0.121494
2,3,O,Tie,9,0.174762
2,3,O,Tie,9,0.123434
2,3,O,Tie,9,0.155065
2,3,O,Tie,9,0.175841
2,3,O,Tie,9,0.127045
2,3,O,Tie,9,0.166075
2,3,O,Tie,9,0.120778
2,3,O,Tie,9,0.120854
2,3,O,Tie,9,0.158464
2,3,O,Tie,9,0.128621
2,3,O,Tie,9,0.117877
2,3,O,Tie,9,0.165304
2,3,O,Tie,9,0.116355
2,3,O,Tie,9,0.166180
2,3,O,Tie,9,0.118115
2,3,O,Tie,9,0.117286
2,3,O,Tie,9,0.174321
2,3,O,Tie,9,0.118183
2,3,O,Tie,9,0.122023
2,3,O,Tie,9,0.169857
2,3,O,Tie,9,0.117506
2,3,O,Tie,9,0.165367
2,3,O,Tie,9,0.119953
2,3,O,Tie,9,0.119662
2,3,O,Tie,9,0.166804
2,3,O,Tie,9,0.118114
2,3,O,Tie,9,0.166129
2,3,O,Tie,9,0.115522
2,3,O,Tie,9,0.163679
2,3,O,Tie,9,0.115159
2,3,O,Tie,9,0.117728
2,3,O,Tie,9,0.162805
2,3,O,Tie,9,0.116251
2,3,O,Tie,9,0.160736
2,3,O,Tie,9,0.114699
2,3,O,Tie,9,0.116622
2,3,O,Tie,9,0.167079
2,3,O,Tie,9,0.115264
2,3,O,Tie,9,0.162747
2,3,O,Tie,9,0.113538
2,3,O,Tie,9,0.115498
2,3,O,Tie,9,0.161957
2,3,O,Tie,9,0.115106
2,3,O,Tie,9,0.165519
2,3,O,Tie,9,0.114345
2,3,O,Tie,9,0.116270
2,3,O,Tie,9,0.161406
2,3,O,Tie,9,0.118206
2,3,O,Tie,9,0.161375
2,3,O,Tie,9,0.115041
2,3,O,Tie,9,0.155515
2,3,O,Tie,9,0.125939
2,3,O,Tie,9,0.115580
2,3,O,Tie,9,0.163244
2,3,O,Tie,9,0.114027
2,3,O,Tie,9,0.116862
2,3,O,Tie,9,0.158210
2,3,O,Tie,9,0.114211
2,3,O,Tie,9,0.114330
2,3,O,Tie,9,0.163185
2,3,O,Tie,9,0.112934
2,3,O,Tie,9,0.163555
2,3,O,Tie,9,0.114974
2,3,O,Tie,9,0.125564
2,3,O,Tie,9,0.139738
2,3,O,Tie,9,0.114683
2,3,O,Tie,9,0.164204
2,3,O,Tie,9,0.113753
2,3,O,Tie,9,0.142471
2,3,O,Tie,9,0.138382
2,3,O,Tie,9,0.114359
2,3,O,Tie,9,0.163163
2,3,O,Tie,9,0.113142
2,3,O,Tie,9,0.133128
2,3,O,Tie,9,0.144113
2,3,O,Tie,9,0.113842
2,3,O,Tie,9,0.163871
2,3,O,Tie,9,0.113957
2,3,O,Tie,9,0.112085
2,3,O,Tie,9,0.165528
2,3,O,Tie,9,0.114316
2,3,O,Tie,9,0.234979
2,3,O,Tie,9,0.131223
2,3,O,Tie,9,0.169003
2,3,O,Tie,9,0.116465
2,3,O,Tie,9,0.166594
2,3,O,Tie,9,0.116570
2,3,O,Tie,9,0.165135
2,3,O,Tie,9,0.121462
2,3,O,Tie,9,0.120827
2,3,O,Tie,9,0.161208
2,3,O,Tie,9,0.118912
2,3,O,Tie,9,0.169312
2,3,O,Tie,9,0.117574
2,3,O,Tie,9,0.170155
2,3,O,Tie,9,0.120797
2,3,O,Tie,9,0.119850
2,3,O,Tie,9,0.165959
2,3,O,Tie,9,0.116272
2,3,O,Tie,9,0.165938
2,3,O,Tie,9,0.119775
2,3,O,Tie,9,0.166316
2,3,O,Tie,9,0.115774
2,3,O,Tie,9,0.126952
2,3,O,Tie,9,0.152567
2,3,O,Tie,9,0.117305
2,3,O,Tie,9,0.164508
2,3,O,Tie,9,0.117968
2,3,O,Tie,9,0.163527
2,3,O,Tie,9,0.115760
2,3,O,Tie,9,0.117627
2,3,O,Tie,9,0.169618
2,3,O,Tie,9,0.119159
2,3,O,Tie,9,0.124099
2,3,O,Tie,9,0.207554
2,3,O,Tie,9,0.118918
2,3,O,Tie,9,0.119783
2,3,O,Tie,9,0.177624
2,3,O,Tie,9,0.117422
2,3,O,Tie,9,0.165956
2,3,O,Tie,9,0.117795
2,3,O,Tie,9,0.181388
2,3,O,Tie,9,0.116639
2,3,O,Tie,9,0.119716
2,3,O,Tie,9,0.174058
2,3,O,Tie,9,0.122687
2,3,O,Tie,9,0.168131
2,3,O,Tie,9,0.119156
2,3,O,Tie,9,0.120358
2,3,O,Tie,9,0.171835
2,3,O,Tie,9,0.122041
2,3,O,Tie,9,0.182021
2,3,O,Tie,9,0.118067
2,3,O,Tie,9,0.118079
2,3,O,Tie,9,0.120475
2,3,O,Tie,9,0.173276
2,3,O,Tie,9,0.120520
2,3,O,Tie,9,0.174516
2,3,O,Tie,9,0.117204
2,3,O,Tie,9,0.119210
2,3,O,Tie,9,0.178904
2,3,O,Tie,9,0.117548
2,3,O,Tie,9,0.118348
2,3,O,Tie,9,0.169864
2,3,O,Tie,9,0.118080
2,3,O,Tie,9,0.121985
2,3,O,Tie,9,0.179074
2,3,O,Tie,9,0.119651
3,1,X,X,5,0.112106
3,1,X,X,5,0.113042
3,1,X,X,7,0.167127
3,1,X,X,5,0.111888
3,1,X,X,5,0.149572
3,1,X,X,7,0.125663
3,1,X,X,5,0.113494
3,1,X,X,5,0.114590
3,1,X,X,7,0.177398
3,1,X,X,5,0.117330
3,1,X,X,7,0.116226
3,1,X,X,5,0.118258
3,1,X,X,5,0.162542
3,1,X,X,5,0.121659
3,1,X,X,5,0.168152
3,1,X,X,5,0.119731
3,1,X,X,5,0.120183
3,1,X,X,5,0.171514
3,1,X,X,7,0.123308
3,1,X,X,5,0.136941
3,1,X,X,5,0.146716
3,1,X,X,7,0.118506
3,1,X,X,5,0.158183
3,1,X,X,5,0.117279
3,1,X,X,5,0.162031
3,1,X,X,5,0.113816
3,1,X,X,5,0.161417
3,1,X,X,5,0.118177
3,1,X,X,7,0.115744
3,1,X,X,7,0.155363
3,1,X,X,5,0.116151
3,1,X,X,5,0.166304
3,1,X,X,7,0.114748
3,1,X,X,7,0.160145
3,1,X,X,5,0.117153
3,1,X,X,5,0.113711
3,1,X,X,5,0.165694
3,1,X,X,5,0.119954
3,1,X,X,5,0.239433
3,1,X,X,5,0.127011
3,1,X,X,7,0.168492
3,1,X,X,7,0.120329
3,1,X,X,5,0.165184
3,1,X,X,5,0.120750
3,1,X,X,5,0.166967
3,1,X,X,7,0.116518
3,1,X,X,7,0.173983
3,1,X,X,5,0.113703
3,1,X,X,7,0.120119
3,1,X,X,7,0.153856
3,1,X,X,5,0.114012
3,1,X,X,5,0.165594
3,1,X,X,5,0.117835
3,1,X,X,5,0.157997
3,1,X,X,5,0.114948
3,1,X,X,5,0.137342
3,1,X,X,7,0.138796
3,1,X,X,7,0.117278
3,1,X,X,5,0.154511
3,1,X,X,5,0.114080
3,1,X,X,5,0.156595
3,1,X,X,5,0.112325
3,1,X,X,5,0.116307
3,1,X,X,7,0.159313
3,1,X,X,7,0.116028
3,1,X,X,5,0.163712
3,1,X,X,7,0.117143
3,1,X,X,5,0.119742
3,1,X,X,7,0.159839
3,1,X,X,5,0.113064
3,1,X,X,5,0.159921
3,1,X,X,7,0.114103
3,1,X,X,5,0.119281
3,1,X,X,5,0.148666
3,1,X,X,7,0.116076
3,1,X,X,5,0.155637
3,1,X,X,5,0.122275
3,1,X,X,5,0.121051
3,1,X,X,5,0.164037
3,1,X,X,5,0.115043
3,1,X,X,7,0.168594
3,1,X,X,5,0.117782
3,1,X,X,5,0.136283
3,1,X,X,5,0.147681
3,1,X,X,5,0.114696
3,1,X,X,5,0.166520
3,1,X,X,5,0.120818
3,1,X,X,5,0.115459
3,1,X,X,5,0.176411
3,1,X,X,5,0.111158
3,1,X,X,7,0.113447
3,1,X,X,5,0.169821
3,1,X,X,7,0.116853
3,1,X,X,5,0.115715
3,1,X,X,7,0.134933
3,1,X,X,5,0.133532
3,1,X,X,5,0.115377
3,1,X,X,7,0.164825
3,1,X,X,7,0.114757
3,1,X,X,5,0.114007
3,1,X,X,7,0.114912
3,1,X,X,7,0.172773
3,1,X,X,5,0.115027
3,1,X,X,5,0.113936
3,1,X,X,5,0.173021
3,1,X,X,9,0.114015
3,1,X,X,5,0.116790
3,1,X,X,5,0.177566
3,1,X,X,5,0.110728
3,1,X,X,5,0.112278
3,1,X,X,5,0.112767
3,1,X,X,7,0.172608
3,1,X,X,5,0.112735
3,1,X,X,7,0.116236
3,1,X,X,5,0.112891
3,1,X,X,7,0.170951
3,1,X,X,5,0.110607
3,1,X,X,7,0.113067
3,1,X,X,7,0.120766
3,1,X,X,7,0.167772
3,1,X,X,5,0.113017
3,1,X,X,5,0.110508
3,1,X,X,5,0.172578
3,1,X,X,5,0.117340
3,1,X,X,7,0.119427
3,1,X,X,5,0.162556
3,1,X,X,5,0.110227
3,1,X,X,5,0.113950
3,1,X,X,5,0.178015
3,1,X,X,5,0.114029
3,1,X,X,7,0.114260
3,1,X,X,5,0.161539
3,1,X,X,9,0.112027
3,1,X,X,7,0.114229
3,1,X,X,5,0.155139
3,1,X,X,5,0.122530
3,1,X,X,5,0.110924
3,1,X,X,5,0.158738
3,1,X,X,5,0.110856
3,1,X,X,7,0.115795
3,1,X,X,5,0.163971
3,1,X,X,5,0.115642
3,1,X,X,9,0.112422
3,1,X,X,5,0.112016
3,1,X,X,5,0.171360
3,1,X,X,7,0.113278
3,1,X,X,5,0.111229
3,1,X,X,5,0.110792
3,1,X,X,5,0.164508
3,1,X,X,5,0.112294
3,1,O,X,6,0.024664
3,1,O,X,6,0.018678
3,1,O,X,6,0.024086
3,1,O,X,8,0.021992
3,1,O,X,6,0.022104
3,1,O,X,8,0.030453
3,1,O,X,8,0.059651
3,1,O,X,8,0.026054
3,1,O,X,6,0.023572
3,1,O,X,8,0.016164
3,1,O,X,6,0.024372
3,1,O,X,8,0.014970
3,1,O,X,6,0.015701
3,1,O,X,8,0.021769
3,1,O,X,6,0.022493
3,1,O,X,6,0.024388
3,1,O,X,8,0.015913
3,1,O,X,8,0.025934
3,1,O,X,6,0.020719
3,1,O,Tie,9,0.033589
3,1,O,X,6,0.022564
3,1,O,Tie,9,0.021665
3,1,O,X,6,0.024064
3,1,O,X,6,0.025602
3,1,O,X,6,0.071632
3,1,O,X,6,0.036025
3,1,O,X,6,0.017088
3,1,O,Tie,9,0.035528
3,1,O,Tie,9,0.034567
3,1,O,Tie,9,0.015400
3,1,O,X,6,0.025122
3,1,O,X,8,0.016865
3,1,O,X,8,0.023334
3,1,O,Tie,9,0.022397
3,1,O,Tie,9,0.020681
3,1,O,X,6,0.025606
3,1,O,X,6,0.025443
3,1,O,X,8,0.021940
3,1,O,X,6,0.025487
3,1,O,X,6,0.073882
3,1,O,X,8,0.034901
3,1,O,X,6,0.021765
3,1,O,X,6,0.022595
3,1,O,X,8,0.024355
3,1,O,X,6,0.018376
3,1,O,X,6,0.015789
3,1,O,X,6,0.022598
3,1,O,X,6,0.018491
3,1,O,X,6,0.017326
3,1,O,Tie,9,0.031870
3,1,O,Tie,9,0.024931
3,1,O,X,6,0.022163
3,1,O,X,8,0.025667
3,1,O,Tie,9,0.024917
3,1,O,X,6,0.029276
3,1,O,Tie,9,0.025273
3,1,O,X,8,0.083461
3,1,O,X,8,0.025947
3,1,O,X,8,0.025275
3,1,O,X,6,0.017242
3,1,O,X,8,0.026228
3,1,O,X,6,0.020168
3,1,O,X,6,0.025545
3,1,O,X,8,0.023475
3,1,O,Tie,9,0.022770
3,1,O,X,8,0.023999
3,1,O,X,8,0.019774
3,1,O,X,6,0.025216
3,1,O,X,6,0.043336
3,1,O,X,8,0.043424
3,1,O,X,6,0.045035
3,1,O,Tie,9,0.095111
3,1,O,X,8,0.023298
3,1,O,Tie,9,0.020528
3,1,O,X,6,0.014896
3,1,O,X,6,0.024422
3,1,O,X,6,0.024952
3,1,O,X,6,0.022853
3,1,O,X,6,0.021546
3,1,O,Tie,9,0.014727
3,1,O,X,6,0.024335
3,1,O,X,8,0.025941
3,1,O,X,6,0.016363
3,1,O,Tie,9,0.016272
3,1,O,X,6,0.015402
3,1,O,Tie,9,0.022759
3,1,O,X,8,0.025271
3,1,O,X,6,0.081684
3,1,O,X,6,0.016839
3,1,O,X,6,0.014391
3,1,O,X,8,0.024071
3,1,O,Tie,9,0.025612
3,1,O,X,6,0.016351
3,1,O,Tie,9,0.043552
3,1,O,X,8,0.026128
3,1,O,Tie,9,0.025371
3,1,O,X,6,0.023753
3,1,O,X,8,0.019489
3,1,O,X,6,0.026476
3,1,O,X,8,0.023808
3,1,O,X,8,0.025653
3,1,O,X,8,0.045367
3,1,O,Tie,9,0.067667
3,1,O,X,6,0.024059
3,1,O,X,8,0.021247
3,1,O,X,8,0.025627
3,1,O,X,8,0.022787
3,1,O,X,8,0.025528
3,1,O,X,6,0.022410
3,1,O,Tie,9,0.025796
3,1,O,X,8,0.022747
3,1,O,X,8,0.025086
3,1,O,Tie,9,0.034543
3,1,O,X,8,0.019275
3,1,O,X,6,0.023136
3,1,O,Tie,9,0.060424
3,1,O,X,8,0.031319
3,1,O,X,6,0.021989
3,1,O,X,8,0.024311
3,1,O,X,6,0.025738
3,1,O,X,6,0.021151
3,1,O,X,6,0.023134
3,1,O,Tie,9,0.025565
3,1,O,X,6,0.022306
3,1,O,Tie,9,0.023417
3,1,O,X,6,0.020842
3,1,O,Tie,9,0.022023
3,1,O,X,8,0.025273
3,1,O,X,8,0.027202
3,1,O,X,8,0.060046
3,1,O,X,8,0.037216
3,1,O,X,6,0.021656
3,1,O,X,8,0.016237
3,1,O,Tie,9,0.024783
3,1,O,X,8,0.025209
3,1,O,Tie,9,0.015679
3,1,O,X,8,0.037564
3,1,O,X,6,0.024046
3,1,O,Tie,9,0.037837
3,1,O,Tie,9,0.015442
3,1,O,X,8,0.024742
3,1,O,X,8,0.024940
3,1,O,X,6,0.025347
3,1,O,X,8,0.025142
3,1,O,Tie,9,0.019140
3,1,O,X,8,0.074564
3,1,O,X,6,0.041637
3,1,O,X,6,0.032177
3,1,O,X,8,0.022706
3,1,O,X,8,0.026376
3,2,X,Tie,9,0.115995
3,2,X,Tie,9,0.116853
3,2,X,Tie,9,0.173212
3,2,X,Tie,9,0.117846
3,2,X,Tie,9,0.116034
3,2,X,Tie,9,0.176508
3,2,X,Tie,9,0.117790
3,2,X,Tie,9,0.126092
3,2,X,Tie,9,0.162351
3,2,X,Tie,9,0.116585
3,2,X,Tie,9,0.116854
3,2,X,Tie,9,0.177860
3,2,X,Tie,9,0.115477
3,2,X,Tie,9,0.118493
3,2,X,Tie,9,0.172351
3,2,X,Tie,9,0.115957
3,2,X,Tie,9,0.117177
3,2,X,Tie,9,0.170685
3,2,X,Tie,9,0.114871
3,2,X,Tie,9,0.118845
3,2,X,Tie,9,0.168971
3,2,X,Tie,9,0.115030
3,2,X,Tie,9,0.117941
3,2,X,Tie,9,0.120021
3,2,X,Tie,9,0.159709
3,2,X,Tie,9,0.111678
3,2,X,Tie,9,0.150089
3,2,X,Tie,9,0.125846
3,2,X,Tie,9,0.112532
3,2,X,Tie,9,0.114572
3,2,X,Tie,9,0.164151
3,2,X,Tie,9,0.112327
3,2,X,Tie,9,0.114034
3,2,X,Tie,9,0.168731
3,2,X,Tie,9,0.116495
3,2,X,Tie,9,0.126169
3,2,X,Tie,9,0.156597
3,2,X,Tie,9,0.117065
3,2,X,Tie,9,0.115981
3,2,X,Tie,9,0.119044
3,2,X,Tie,9,0.168293
3,2,X,Tie,9,0.118981
3,2,X,Tie,9,0.112335
3,2,X,Tie,9,0.162787
3,2,X,Tie,9,0.121016
3,2,X,Tie,9,0.153891
3,2,X,Tie,9,0.126215
3,2,X,Tie,9,0.115952
3,2,X,Tie,9,0.113462
3,2,X,Tie,9,0.163050
3,2,X,Tie,9,0.111908
3,2,X,Tie,9,0.114249
3,2,X,Tie,9,0.163893
3,2,X,Tie,9,0.114696
3,2,X,Tie,9,0.113531
3,2,X,Tie,9,0.167970
3,2,X,Tie,9,0.113050
3,2,X,Tie,9,0.150304
3,2,X,Tie,9,0.125294
3,2,X,Tie,9,0.113803
3,2,X,Tie,9,0.110709
3,2,X,Tie,9,0.165882
3,2,X,Tie,9,0.115406
3,2,X,Tie,9,0.115722
3,2,X,Tie,9,0.163320
3,2,X,Tie,9,0.112591
3,2,X,Tie,9,0.110391
3,2,X,Tie,9,0.161400
3,2,X,Tie,9,0.112713
3,2,X,Tie,9,0.114066
3,2,X,Tie,9,0.122160
3,2,X,Tie,9,0.145132
3,2,X,Tie,9,0.113656
3,2,X,Tie,9,0.117509
3,2,X,Tie,9,0.166471
3,2,X,Tie,9,0.115829
3,2,X,Tie,9,0.116354
3,2,X,Tie,9,0.171632
3,2,X,Tie,9,0.112738
3,2,X,Tie,9,0.114364
3,2,X,Tie,9,0.163608
3,2,X,Tie,9,0.111513
3,2,X,Tie,9,0.113050
3,2,X,Tie,9,0.156013
3,2,X,Tie,9,0.116826
3,2,X,Tie,9,0.123584
3,2,X,Tie,9,0.179842
3,2,X,Tie,9,0.194735
3,2,X,Tie,9,0.187616
3,2,X,Tie,9,0.121322
3,2,X,Tie,9,0.165808
3,2,X,Tie,9,0.121474
3,2,X,Tie,9,0.167717
3,2,X,Tie,9,0.120346
3,2,X,Tie,9,0.167595
3,2,X,Tie,9,0.120818
3,2,X,Tie,9,0.172288
3,2,X,Tie,9,0.120903
3,2,X,Tie,9,0.161625
3,2,X,Tie,9,0.117840
3,2,X,Tie,9,0.120600
3,2,X,Tie,9,0.158117
3,2,X,Tie,9,0.118228
3,2,X,Tie,9,0.179527
3,2,X,Tie,9,0.120451
3,2,X,Tie,9,0.170511
3,2,X,Tie,9,0.122209
3,2,X,Tie,9,0.161462
3,2,X,Tie,9,0.134284
3,2,X,Tie,9,0.117909
3,2,X,Tie,9,0.165226
3,2,X,Tie,9,0.122004
3,2,X,Tie,9,0.177148
3,2,X,Tie,9,0.119195
3,2,X,Tie,9,0.168123
3,2,X,Tie,9,0.123007
3,2,X,Tie,9,0.122678
3,2,X,Tie,9,0.172029
3,2,X,Tie,9,0.118387
3,2,X,Tie,9,0.177102
3,2,X,Tie,9,0.123130
3,2,X,Tie,9,0.129614
3,2,X,Tie,9,0.181360
3,2,X,Tie,9,0.126050
3,2,X,Tie,9,0.162133
3,2,X,Tie,9,0.124072
3,2,X,Tie,9,0.119584
3,2,X,Tie,9,0.177105
3,2,X,Tie,9,0.118871
3,2,X,Tie,9,0.120488
3,2,X,Tie,9,0.165028
3,2,X,Tie,9,0.123436
3,2,X,Tie,9,0.173677
3,2,X,Tie,9,0.117181
3,2,X,Tie,9,0.154381
3,2,X,Tie,9,0.139306
3,2,X,Tie,9,0.117376
3,2,X,Tie,9,0.167252
3,2,X,Tie,9,0.115586
3,2,X,Tie,9,0.169172
3,2,X,Tie,9,0.114794
3,2,X,Tie,9,0.115711
3,2,X,Tie,9,0.168295
3,2,X,Tie,9,0.116455
3,2,X,Tie,9,0.162583
3,2,X,Tie,9,0.116109
3,2,X,Tie,9,0.117614
3,2,X,Tie,9,0.169549
3,2,X,Tie,9,0.118825
3,2,X,Tie,9,0.167140
3,2,O,Tie,9,0.016360
3,2,O,Tie,9,0.015811
3,2,O,Tie,9,0.014386
3,2,O,Tie,9,0.016138
3,2,O,Tie,9,0.014360
3,2,O,Tie,9,0.015039
3,2,O,Tie,9,0.015708
3,2,O,Tie,9,0.014825
3,2,O,Tie,9,0.014403
3,2,O,Tie,9,0.015854
3,2,O,Tie,9,0.015172
3,2,O,Tie,9,0.015771
3,2,O,Tie,9,0.015212
3,2,O,Tie,9,0.015161
3,2,O,Tie,9,0.015089
3,2,O,Tie,9,0.021551
3,2,O,Tie,9,0.048410
3,2,O,Tie,9,0.025165
3,2,O,Tie,9,0.015357
3,2,O,Tie,9,0.017429
3,2,O,Tie,9,0.016114
3,2,O,Tie,9,0.017658
3,2,O,Tie,9,0.015679
3,2,O,Tie,9,0.014408
3,2,O,Tie,9,0.014593
3,2,O,Tie,9,0.015285
3,2,O,Tie,9,0.014489
3,2,O,Tie,9,0.015090
3,2,O,Tie,9,0.016463
3,2,O,Tie,9,0.017103
3,2,O,Tie,9,0.020265
3,2,O,Tie,9,0.016248
3,2,O,Tie,9,0.017057
3,2,O,Tie,9,0.015006
3,2,O,Tie,9,0.015607
3,2,O,Tie,9,0.018295
3,2,O,Tie,9,0.062430
3,2,O,Tie,9,0.028629
3,2,O,Tie,9,0.015438
3,2,O,Tie,9,0.014439
3,2,O,Tie,9,0.015589
3,2,O,Tie,9,0.014321
3,2,O,Tie,9,0.015197
3,2,O,Tie,9,0.014588
3,2,O,Tie,9,0.016005
3,2,O,Tie,9,0.015842
3,2,O,Tie,9,0.015410
3,2,O,Tie,9,0.016589
3,2,O,Tie,9,0.016763
3,2,O,Tie,9,0.015092
3,2,O,Tie,9,0.015434
3,2,O,Tie,9,0.015359
3,2,O,Tie,9,0.014410
3,2,O,Tie,9,0.015495
3,2,O,Tie,9,0.016310
3,2,O,Tie,9,0.054777
3,2,O,Tie,9,0.026432
3,2,O,Tie,9,0.017012
3,2,O,Tie,9,0.015076
3,2,O,Tie,9,0.015532
3,2,O,Tie,9,0.015311
3,2,O,Tie,9,0.014250
3,2,O,Tie,9,0.015803
3,2,O,Tie,9,0.015384
3,2,O,Tie,9,0.016361
3,2,O,Tie,9,0.015711
3,2,O,Tie,9,0.015915
3,2,O,Tie,9,0.016069
3,2,O,Tie,9,0.015763
3,2,O,Tie,9,0.015164
3,2,O,Tie,9,0.015646
3,2,O,Tie,9,0.014585
3,2,O,Tie,9,0.015310
3,2,O,Tie,9,0.015672
3,2,O,Tie,9,0.060831
3,2,O,Tie,9,0.027741
3,2,O,Tie,9,0.015236
3,2,O,Tie,9,0.014347
3,2,O,Tie,9,0.014616
3,2,O,Tie,9,0.015072
3,2,O,Tie,9,0.014372
3,2,O,Tie,9,0.014232
3,2,O,Tie,9,0.014443
3,2,O,Tie,9,0.016373
3,2,O,Tie,9,0.015447
3,2,O,Tie,9,0.014757
3,2,O,Tie,9,0.014377
3,2,O,Tie,9,0.015099
3,2,O,Tie,9,0.015777
3,2,O,Tie,9,0.015089
3,2,O,Tie,9,0.015932
3,2,O,Tie,9,0.015223
3,2,O,Tie,9,0.016451
3,2,O,Tie,9,0.024564
3,2,O,Tie,9,0.053090
3,2,O,Tie,9,0.017591
3,2,O,Tie,9,0.017848
3,2,O,Tie,9,0.015952
3,2,O,Tie,9,0.015172
3,2,O,Tie,9,0.015603
3,2,O,Tie,9,0.015906
3,2,O,Tie,9,0.016179
3,2,O,Tie,9,0.015767
3,2,O,Tie,9,0.016134
3,2,O,Tie,9,0.015023
3,2,O,Tie,9,0.017039
3,2,O,Tie,9,0.015863
3,2,O,Tie,9,0.015074
3,2,O,Tie,9,0.017567
3,2,O,Tie,9,0.016092
3,2,O,Tie,9,0.016365
3,2,O,Tie,9,0.015809
3,2,O,Tie,9,0.039081
3,2,O,Tie,9,0.048337
3,2,O,Tie,9,0.016705
3,2,O,Tie,9,0.016288
3,2,O,Tie,9,0.016293
3,2,O,Tie,9,0.015670
3,2,O,Tie,9,0.016116
3,2,O,Tie,9,0.014284
3,2,O,Tie,9,0.015659
3,2,O,Tie,9,0.015890
3,2,O,Tie,9,0.015239
3,2,O,Tie,9,0.015647
3,2,O,Tie,9,0.014594
3,2,O,Tie,9,0.015392
3,2,O,Tie,9,0.014488
3,2,O,Tie,9,0.014960
3,2,O,Tie,9,0.015354
3,2,O,Tie,9,0.014556
3,2,O,Tie,9,0.014256
3,2,O,Tie,9,0.015469
3,2,O,Tie,9,0.015929
3,2,O,Tie,9,0.069058
3,2,O,Tie,9,0.021379
3,2,O,Tie,9,0.015281
3,2,O,Tie,9,0.014918
3,2,O,Tie,9,0.015246
3,2,O,Tie,9,0.015251
3,2,O,Tie,9,0.015370
3,2,O,Tie,9,0.015324
3,2,O,Tie,9,0.014898
3,2,O,Tie,9,0.016863
3,2,O,Tie,9,0.014735
3,2,O,Tie,9,0.016558
3,2,O,Tie,9,0.015480
3,2,O,Tie,9,0.015759
3,2,O,Tie,9,0.015071
3,2,O,Tie,9,0.016150
3,2,O,Tie,9,0.015285
3,3,X,Tie,9,0.188304
3,3,X,Tie,9,0.129774
3,3,X,Tie,9,0.129223
3,3,X,Tie,9,0.175739
3,3,X,Tie,9,0.129508
3,3,X,Tie,9,0.186644
3,3,X,Tie,9,0.132205
3,3,X,Tie,9,0.186646
3,3,X,Tie,9,0.128321
3,3,X,Tie,9,0.133958
3,3,X,Tie,9,0.182506
3,3,X,Tie,9,0.136512
3,3,X,Tie,9,0.188711
3,3,X,Tie,9,0.127015
3,3,X,Tie,9,0.128599
3,3,X,Tie,9,0.179976
3,3,X,Tie,9,0.129157
3,3,X,Tie,9,0.179529
3,3,X,Tie,9,0.132467
3,3,X,Tie,9,0.129894
3,3,X,Tie,9,0.183179
3,3,X,Tie,9,0.127266
3,3,X,Tie,9,0.182788
3,3,X,Tie,9,0.128335
3,3,X,Tie,9,0.131054
3,3,X,Tie,9,0.181877
3,3,X,Tie,9,0.129071
3,3,X,Tie,9,0.129973
3,3,X,Tie,9,0.186024
3,3,X,Tie,9,0.130453
3,3,X,Tie,9,0.126924
3,3,X,Tie,9,0.184851
3,3,X,Tie,9,0.128365
3,3,X,Tie,9,0.128424
3,3,X,Tie,9,0.176762
3,3,X,Tie,9,0.129605
3,3,X,Tie,9,0.131680
3,3,X,Tie,9,0.185348
3,3,X,Tie,9,0.130262
3,3,X,Tie,9,0.182118
3,3,X,Tie,9,0.126998
3,3,X,Tie,9,0.129993
3,3,X,Tie,9,0.177808
3,3,X,Tie,9,0.130717
3,3,X,Tie,9,0.187572
3,3,X,Tie,9,0.128664
3,3,X,Tie,9,0.131004
3,3,X,Tie,9,0.179862
3,3,X,Tie,9,0.129124
3,3,X,Tie,9,0.150815
3,3,X,Tie,9,0.147766
3,3,X,Tie,9,0.129602
3,3,X,Tie,9,0.180275
3,3,X,Tie,9,0.127399
3,3,X,Tie,9,0.127238
3,3,X,Tie,9,0.177542
3,3,X,Tie,9,0.128494
3,3,X,Tie,9,0.176285
3,3,X,Tie,9,0.128789
3,3,X,Tie,9,0.129011
3,3,X,Tie,9,0.184312
3,3,X,Tie,9,0.128484
3,3,X,Tie,9,0.136772
3,3,X,Tie,9,0.172323
3,3,X,Tie,9,0.134602
3,3,X,Tie,9,0.186787
3,3,X,Tie,9,0.138596
3,3,X,Tie,9,0.197635
3,3,X,Tie,9,0.181696
3,3,X,Tie,9,0.154542
3,3,X,Tie,9,0.187923
3,3,X,Tie,9,0.136399
3,3,X,Tie,9,0.137356
3,3,X,Tie,9,0.187001
3,3,X,Tie,9,0.135990
3,3,X,Tie,9,0.193036
3,3,X,Tie,9,0.134979
3,3,X,Tie,9,0.187577
3,3,X,Tie,9,0.139186
3,3,X,Tie,9,0.198562
3,3,X,Tie,9,0.141374
3,3,X,Tie,9,0.208241
3,3,X,Tie,9,0.140332
3,3,X,Tie,9,0.189072
3,3,X,Tie,9,0.138865
3,3,X,Tie,9,0.196582
3,3,X,Tie,9,0.149342
3,3,X,Tie,9,0.225801
3,3,X,Tie,9,0.239627
3,3,X,Tie,9,0.141030
3,3,X,Tie,9,0.194391
3,3,X,Tie,9,0.143275
3,3,X,Tie,9,0.198636
3,3,X,Tie,9,0.141242
3,3,X,Tie,9,0.199351
3,3,X,Tie,9,0.139356
3,3,X,Tie,9,0.186918
3,3,X,Tie,9,0.139534
3,3,X,Tie,9,0.188420
3,3,X,Tie,9,0.143079
3,3,X,Tie,9,0.189755
3,3,X,Tie,9,0.139892
3,3,X,Tie,9,0.180765
3,3,X,Tie,9,0.138721
3,3,X,Tie,9,0.188681
3,3,X,Tie,9,0.135962
3,3,X,Tie,9,0.185985
3,3,X,Tie,9,0.136907
3,3,X,Tie,9,0.187210
3,3,X,Tie,9,0.139354
3,3,X,Tie,9,0.191297
3,3,X,Tie,9,0.139429
3,3,X,Tie,9,0.193796
3,3,X,Tie,9,0.133123
3,3,X,Tie,9,0.189053
3,3,X,Tie,9,0.137350
3,3,X,Tie,9,0.184106
3,3,X,Tie,9,0.134377
3,3,X,Tie,9,0.192528
3,3,X,Tie,9,0.165159
3,3,X,Tie,9,0.192359
3,3,X,Tie,9,0.134881
3,3,X,Tie,9,0.182536
3,3,X,Tie,9,0.138575
3,3,X,Tie,9,0.192856
3,3,X,Tie,9,0.131750
3,3,X,Tie,9,0.187343
3,3,X,Tie,9,0.134068
3,3,X,Tie,9,0.132645
3,3,X,Tie,9,0.191026
3,3,X,Tie,9,0.135495
3,3,X,Tie,9,0.183087
3,3,X,Tie,9,0.133138
3,3,X,Tie,9,0.188399
3,3,X,Tie,9,0.132563
3,3,X,Tie,9,0.190605
3,3,X,Tie,9,0.130240
3,3,X,Tie,9,0.176241
3,3,X,Tie,9,0.141599
3,3,X,Tie,9,0.134167
3,3,X,Tie,9,0.182895
3,3,X,Tie,9,0.136908
3,3,X,Tie,9,0.181814
3,3,X,Tie,9,0.130804
3,3,X,Tie,9,0.191501
3,3,X,Tie,9,0.132008
3,3,X,Tie,9,0.179423
3,3,X,Tie,9,0.142670
3,3,X,Tie,9,0.131848
3,3,X,Tie,9,0.193226
3,3,O,Tie,9,0.131934
3,3,O,Tie,9,0.178576
3,3,O,Tie,9,0.143512
3,3,O,Tie,9,0.132365
3,3,O,Tie,9,0.184560
3,3,O,Tie,9,0.131323
3,3,O,Tie,9,0.186267
3,3,O,Tie,9,0.129102
3,3,O,Tie,9,0.157381
3,3,O,Tie,9,0.165997
3,3,O,Tie,9,0.129128
3,3,O,Tie,9,0.191003
3,3,O,Tie,9,0.131886
3,3,O,Tie,9,0.187818
3,3,O,Tie,9,0.130578
3,3,O,Tie,9,0.243640
3,3,O,Tie,9,0.134972
3,3,O,Tie,9,0.191855
3,3,O,Tie,9,0.129105
3,3,O,Tie,9,0.186919
3,3,O,Tie,9,0.129422
3,3,O,Tie,9,0.186820
3,3,O,Tie,9,0.135022
3,3,O,Tie,9,0.131460
3,3,O,Tie,9,0.190038
3,3,O,Tie,9,0.129787
3,3,O,Tie,9,0.157014
3,3,O,Tie,9,0.152031
3,3,O,Tie,9,0.130678
3,3,O,Tie,9,0.183645
3,3,O,Tie,9,0.132337
3,3,O,Tie,9,0.175716
3,3,O,Tie,9,0.146738
3,3,O,Tie,9,0.135803
3,3,O,Tie,9,0.196826
3,3,O,Tie,9,0.133127
3,3,O,Tie,9,0.189599
3,3,O,Tie,9,0.130915
3,3,O,Tie,9,0.130417
3,3,O,Tie,9,0.185030
3,3,O,Tie,9,0.183101
3,3,O,Tie,9,0.187608
3,3,O,Tie,9,0.131246
3,3,O,Tie,9,0.182473
3,3,O,Tie,9,0.133539
3,3,O,Tie,9,0.142986
3,3,O,Tie,9,0.175186
3,3,O,Tie,9,0.129467
3,3,O,Tie,9,0.183237
3,3,O,Tie,9,0.129450
3,3,O,Tie,9,0.185793
3,3,O,Tie,9,0.130581
3,3,O,Tie,9,0.131590
3,3,O,Tie,9,0.180188
3,3,O,Tie,9,0.130010
3,3,O,Tie,9,0.214594
3,3,O,Tie,9,0.193995
3,3,O,Tie,9,0.132062
3,3,O,Tie,9,0.166375
3,3,O,Tie,9,0.142991
3,3,O,Tie,9,0.128711
3,3,O,Tie,9,0.184438
3,3,O,Tie,9,0.127941
3,3,O,Tie,9,0.161918
3,3,O,Tie,9,0.154728
3,3,O,Tie,9,0.129732
3,3,O,Tie,9,0.179991
3,3,O,Tie,9,0.130849
3,3,O,Tie,9,0.169649
3,3,O,Tie,9,0.137075
3,3,O,Tie,9,0.130400
3,3,O,Tie,9,0.182484
3,3,O,Tie,9,0.127797
3,3,O,Tie,9,0.186566
3,3,O,Tie,9,0.126846
3,3,O,Tie,9,0.134386
3,3,O,Tie,9,0.129565
3,3,O,Tie,9,0.186595
3,3,O,Tie,9,0.132183
3,3,O,Tie,9,0.131797
3,3,O,Tie,9,0.187360
3,3,O,Tie,9,0.129836
3,3,O,Tie,9,0.190971
3,3,O,Tie,9,0.128379
3,3,O,Tie,9,0.132223
3,3,O,Tie,9,0.188383
3,3,O,Tie,9,0.131738
3,3,O,Tie,9,0.173188
3,3,O,Tie,9,0.142976
3,3,O,Tie,9,0.131131
3,3,O,Tie,9,0.181520
3,3,O,Tie,9,0.127910
3,3,O,Tie,9,0.128960
3,3,O,Tie,9,0.184655
3,3,O,Tie,9,0.130798
3,3,O,Tie,9,0.128811
3,3,O,Tie,9,0.175421
3,3,O,Tie,9,0.131113
3,3,O,Tie,9,0.185240
3,3,O,Tie,9,0.129879
3,3,O,Tie,9,0.129223
3,3,O,Tie,9,0.188064
3,3,O,Tie,9,0.131602
3,3,O,Tie,9,0.128077
3,3,O,Tie,9,0.182813
3,3,O,Tie,9,0.130379
3,3,O,Tie,9,0.167625
3,3,O,Tie,9,0.140303
3,3,O,Tie,9,0.130031
3,3,O,Tie,9,0.197231
3,3,O,Tie,9,0.132237
3,3,O,Tie,9,0.134681
3,3,O,Tie,9,0.131473
3,3,O,Tie,9,0.187895
3,3,O,Tie,9,0.134441
3,3,O,Tie,9,0.186036
3,3,O,Tie,9,0.129701
3,3,O,Tie,9,0.128207
3,3,O,Tie,9,0.132357
3,3,O,Tie,9,0.189802
3,3,O,Tie,9,0.134493
3,3,O,Tie,9,0.131228
3,3,O,Tie,9,0.183918
3,3,O,Tie,9,0.134040
3,3,O,Tie,9,0.131266
3,3,O,Tie,9,0.192775
3,3,O,Tie,9,0.131330
3,3,O,Tie,9,0.150613
3,3,O,Tie,9,0.295249
3,3,O,Tie,9,0.170443
3,3,O,Tie,9,0.208534
3,3,O,Tie,9,0.147537
3,3,O,Tie,9,0.139674
3,3,O,Tie,9,0.189891
3,3,O,Tie,9,0.147573
3,3,O,Tie,9,0.131240
3,3,O,Tie,9,0.190337
3,3,O,Tie,9,0.131594
3,3,O,Tie,9,0.137002
3,3,O,Tie,9,0.191353
3,3,O,Tie,9,0.135154
3,3,O,Tie,9,0.135174
3,3,O,Tie,9,0.188079
3,3,O,Tie,9,0.131776
3,3,O,Tie,9,0.133765
3,3,O,Tie,9,0.191280
3,3,O,Tie,9,0.129250
3,3,O,Tie,9,0.132719
3,3,O,Tie,9,0.177541
3,3,O,Tie,9,0.128932
